City,Category 1,Category 2,Category 3,Category 4,Category 5,Category 6,Category 7,Category 8,Category 9,Category 10,Category 11,Category 12,Category 13,Category 14,Category 15,Category 16,Category 17,Category 18,Category 19,Category 20,Category 21,Category 22,Category 23,Category 24
Amsterdam,0,0,3.63,3.65,5,2.92,5,2.35,2.33,2.64,1.7,1.69,1.7,1.72,1.74,0.59,0.5,0,0.5,0,0,0,0,0
Athens,0,0,3.63,3.65,5,2.92,5,2.64,2.33,2.65,1.7,1.69,1.7,1.72,1.74,0.59,0.5,0,0.5,0,0,0,0,0
Barcelona,0,0,3.63,3.63,5,2.92,5,2.64,2.33,2.64,1.7,1.69,1.7,1.72,1.74,0.59,0.5,0,0.5,0,0,0,0,0
Basel,0,0.5,3.63,3.63,5,2.92,5,2.35,2.33,2.64,1.73,1.69,1.7,1.72,1.74,0.59,0.5,0,0.5,0,0,0,0,0
Belfast,0,0,3.63,3.63,5,2.92,5,2.64,2.33,2.64,1.7,1.69,1.7,1.72,1.74,0.59,0.5,0,0.5,0,0,0,0,0
Belgrade,0,0,3.63,3.63,5,2.92,5,2.63,2.33,2.65,1.71,1.69,1.69,1.72,1.74,0.59,0.5,0,0.5,0,0,0,0,0
Bergen,0,5,3.63,3.63,5,2.92,3.03,2.35,2.33,2.64,1.73,1.68,1.69,1.71,1.75,0.59,0.5,0,0.5,0,0,0,0,0
Berlin,0,5,3.63,3.63,5,2.92,5,2.63,2.33,2.64,1.7,1.68,1.69,1.71,1.74,0.6,0.5,0,0.5,0,0,0,0,0
Bern,0,5,3.64,3.64,5,2.92,3.03,2.62,2.32,2.63,1.71,1.67,1.68,1.7,0.75,0.6,0,0,0.5,0,0,0,0,0
Birmingham,0,5,3.64,3.64,5,2.92,5,2.35,2.32,2.63,1.69,1.67,1.67,1.7,0.74,0.59,0,0,0,0,0,0,0,0
Bordeaux,0,0.53,3.65,3.67,5,2.92,5,2.61,2.32,2.63,1.67,1.66,1.67,1.69,0.74,0.59,0,0,0,0,0,0,0,0
Bratislava,0,0.53,3.65,3.68,5,2.93,5,2.61,2.31,2.62,1.67,1.65,1.66,1.68,0.73,0.58,0,0,0,0,0,0,0,0
Bristol,0,0.54,3.66,3.68,5,2.93,5,2.61,2.3,2.62,1.67,1.64,1.65,1.28,0.72,0.58,0,0,0,0,0,0,0,0
Brussels,0,0.54,3.66,3.67,5,2.93,5,2.32,2.3,5,1.65,1.64,1.65,1.27,0.76,0.62,0,0,0,0,0,0,0,0
Bucharest,0,0.53,3.67,3.66,2.95,2.93,5,2.33,2.31,2.62,1.65,1.64,1.65,1.27,0.76,0.53,0,0,0,0.51,0,0,0,0
Budapest,0,0.52,3.69,3.66,2.95,2.93,5,2.98,2.31,2.33,1.65,1.64,1.64,1.27,0.76,0.53,0,0,0,0.51,0,0,0,0
Copenhagen,0,0.52,3.68,3.66,2.96,2.93,2.96,2.98,1.7,2.62,1.65,1.64,1.65,1.27,0.76,0.53,0,0,0,0.51,0,0,0,0
Cork,0,0.53,3.69,3.66,2.95,2.93,2.95,3,1.7,2.62,1.65,1.64,1.65,1.27,0.76,0.53,0,0,0,0.52,0,0,0,0
Dublin,0,0.52,5,3.66,2.96,2.93,2.95,2.99,1.7,2.62,1.65,1.64,1.65,1.27,0.77,0.59,0,0,0,0.53,0,0,0,0
Dubrovnik,0,5,3.7,3.66,2.95,2.93,2.94,2.99,1.7,2.62,1.65,1.64,1.65,1.27,0.81,0.59,0,0,0,0.51,0,0,0,0
Düsseldorf,0,0.51,5,3.67,2.94,2.93,2.95,2.98,1.7,2.62,1.65,1.64,1.65,1.27,0.81,0.64,0,0,0,0.52,0,0,0,0
Edinburgh,0,5,5,3.66,2.94,2.93,2.94,3,1.7,2.31,1.65,1.64,1.64,1.27,0.81,0.62,0,0,0,0.58,0,0,0,0
Florence,0,5,5,3.66,2.95,2.93,2.94,3,1.7,2.31,1.65,1.64,1.64,1.27,0.91,0.62,0,0,0,0.5,0,0,0,0
Frankfurt,0,0.51,5,3.66,2.95,2.94,2.95,2.97,1.71,2.31,1.65,1.64,1.64,1.27,1.69,0.68,0,0,0,0,0,0,0,0
Gdańsk,0,0.51,0.52,3.66,2.96,2.94,2.94,2.63,1.71,2.31,1.66,1.64,1.64,1.67,1.7,0.7,0.52,0,0,0.55,0,0,0,0
Geneva,0,0.52,0.52,3.66,2.95,2.94,2.94,2.96,1.71,2.31,1.66,1.64,1.64,1.66,1.76,0.69,0.53,0,0,0,0,0,0,0
Ghent,0,0.55,0.52,3.66,2.95,2.94,2.94,2.63,1.72,2.31,1.66,1.64,1.64,1.66,1.76,0.69,0.55,0,0,0.56,0,0,0,0
Glasgow,0,0.51,5,3.67,2.95,2.94,2.94,2.63,1.71,2.31,1.66,1.64,1.64,1.66,1.76,0.69,0.55,0,0,0.5,0,0,0,0
Gothenburg,0,0.53,0.52,3.67,2.95,2.94,2.94,2.63,1.71,2.31,1.66,1.64,1.64,1.65,1.76,0.57,0.55,0,0,0.51,0,0,0,0
Graz,0,0.53,0.52,3.67,2.96,2.94,2.94,2.63,1.71,2.31,1.66,1.64,1.64,1.65,1.76,0.57,0.56,0,0,0.5,0,0,0,0
Hamburg,0,0.53,0.52,3.67,2.95,2.94,2.94,2.63,1.71,2.31,1.66,1.64,1.64,1.65,1.76,0.56,0.54,0,0,0,0,0,0,0
Helsinki,0,0.51,0.52,3.67,2.95,2.94,2.94,2.63,1.71,2.31,1.66,1.64,1.64,1.65,1.76,0.56,0.55,0,0,0,0,0,0,0
Innsbruck,0,0.51,0.53,3.67,2.95,2.94,2.94,2.96,1.71,2.31,1.66,1.64,1.63,1.65,1.75,0.68,0.54,0,0,0.54,0,0,0,0
Istanbul,0,0.53,0.53,3.67,2.96,2.94,2.94,2.96,1.71,2.31,1.65,1.64,1.63,1.65,1.75,0.54,0.54,0,0,0.53,0,0,0,0
Kiev,0,0.54,0.53,3.67,2.96,2.94,2.94,3.47,1.7,2.3,1.65,1.63,1.62,1.65,1.74,0.53,0.55,0,0,0,0,0,0,0
Kraków,0,0.54,0.54,3.68,2.96,2.94,2.94,3.05,1.7,2.3,1.65,1.62,1.62,1.64,1.78,0.53,0.53,0,0,0.54,0,0,0,0
Lille,0.5,0.54,5,3.68,2.96,2.94,2.94,3.74,2.6,2.29,1.64,1.62,1.61,1.64,1.73,0.52,0.54,0,0,0,0,0,0,0.51
Lisbon,0.51,0.55,5,3.69,5,2.94,2.94,2.96,2.59,2.29,1.63,1.61,1.61,1.62,1.66,0.53,0.54,0,0,0,0,0,0,0.51
Liverpool,0.52,0.55,5,3.7,2.97,2.95,2.94,2.99,1.68,2.28,1.63,1.6,1.6,1.61,1.65,0.52,0.55,0,0,0,0,0,0,0.53
Ljubljana,0.53,0.56,5,3.7,5,2.95,2.94,2.6,1.67,2.27,1.63,1.6,1.59,1.6,0.58,0.71,0.55,0,0,0,0.5,0,0.5,0.53
London,0.54,0.57,0.67,3.71,5,2.95,2.94,2.59,1.66,2.27,5,1.59,1.58,1.59,1.62,0.7,0.54,0,0,0,0.5,0,0.51,0.54
Lyon,0.54,0.56,5,3.71,5,2.95,2.94,2.58,1.65,1.65,5,1.58,1.57,1.58,1.61,0.53,0.57,0,0,0,0.51,0.5,0.51,0.55
Madrid,0.55,0.57,5,3.72,5,2.95,2.94,2.58,1.65,1.64,5,1.57,1.56,1.57,1.6,0.53,0.59,0,0,0,0.52,0.51,0.52,0.57
Málaga,0.56,0.57,5,3.73,3.76,2.95,2.94,1.66,1.64,1.63,5,1.56,1.55,1.56,1.59,0.7,0.56,0,0,0,0.53,0.52,0.53,0.57
Manchester,0.57,0.58,5,3.73,3.78,2.95,2.94,2.96,1.63,1.63,5,1.55,1.54,1.55,1.18,0.69,0.58,0,0,0,0.54,0.53,0.53,0.58
Marseille,0.58,0.59,5,3.74,3.79,2.96,2.94,2.95,2.54,2.23,1.56,1.54,1.53,1.54,1.17,0.74,0.57,0,0,0,0.55,0.54,0.55,0.59
Milan,0.59,0.6,5,3,3.79,2.96,2.94,2.96,2.54,2.22,1.55,1.53,1.52,1.53,1.16,0.73,0.53,0,0,0,0.56,0.54,0.55,0.6
Moscow,0.6,0.61,5,3,3.77,2.97,2.94,2.95,2.53,2.22,5,1.52,1.51,1.52,1.15,0.73,0.57,0,0,0,0.58,0.55,0.58,0.61
Munich,0.6,0.62,5,3,3.77,5,2.94,2.95,2.53,2.21,1.53,1.51,1.5,1.51,1.14,0.82,0.56,0,0,0,0.6,0.56,0.58,0.62
Naples,0.61,0.63,5,3,3.77,5,2.94,2.95,2.52,2.2,1.52,1.5,1.5,1.5,1.14,1.62,0.58,0,0,0,0.61,0.57,0.58,0.63
Nice,0.62,0.63,5,3.77,3.77,5,2.94,2.96,2.52,1.57,1.52,1.49,1.49,1.49,1.13,1.62,0.58,0,0,0,0.51,0.57,0.59,0.64
Nicosia,0.62,0.64,5,3.78,3.77,5,2.94,3.67,2.51,1.56,1.51,1.48,1.48,1.48,1.59,1.61,0.58,0,0,0,5,0.58,0.59,0.65
Nuremberg,0.63,0.65,5,3.79,3.78,5,2.94,5,2.5,1.55,1.5,1.48,1.47,1.47,1.13,0.75,0.58,0,0,0,0.5,0.59,0.59,0.66
Odessa,0.63,0.67,5,3.83,3.79,2.96,2.94,5,2.5,2.18,1.49,1.47,1.46,1.46,1.57,0.75,0.6,0,0,0,0.5,0.6,0.6,0.66
Oslo,0.64,0.67,5,5,3.79,5,2.94,5,2.9,2.17,1.48,1.46,1.45,1.45,1.56,1.57,0.59,0,0,0,0.5,0.62,0.61,0.67
Palermo,0.67,0.68,5,5,3.8,2.95,2.94,5,2.9,2.16,1.48,1.45,1.44,1.44,1.55,1.57,0.63,0,0,0,0.5,0.75,0.61,0.64
Paris,0.69,0.69,0.72,5,3.83,2.96,2.94,5,2.89,2.16,5,1.44,1.43,1.43,1.55,1.56,0.63,0,0,0,0.5,0.63,0.62,0.64
Podgorica,0.7,0.7,5,5,3.81,5,2.94,5,2.89,2.15,1.46,1.43,1.42,1.42,1.47,1.55,0.64,0,0,0,0.65,0.77,0.63,0.65
Porto,0.71,0.72,2.55,5,3.81,5,2.94,2.96,2.88,2.14,5,1.42,1.41,1.41,1.44,1.54,0.63,0,0,0,0.5,5,0.58,0.65
Poznań,0.72,0.73,5,5,3.81,5,2.94,2.9,2.88,2.14,5,1.41,1.4,1.4,1.42,1.53,0.63,0,0,0,0.5,5,0.58,0.65
Prague,0.73,0.73,5,5,3.82,5,5,2.95,2.87,2.13,5,1.41,1.39,1.39,1.41,1.52,0.64,0.5,0,0,5,0.66,0.65,0.66
Riga,0.74,0.74,0.79,5,3.82,5,2.94,2.94,2.86,2.12,2.13,1.4,1.38,1.38,1.4,1.42,0.66,0.5,0,0,0.69,0.67,0.66,0.67
Reykjavik,0.74,0.75,5,5,3.83,5,2.94,2.93,2.86,2.12,2.12,1.39,1.37,1.37,1.39,1.41,0.66,0.5,0,0,0.7,0.68,0.67,0.68
Rhodes,0.76,0.75,5,5,3.83,5,2.94,2.93,2.85,2.11,2.1,1.38,1.37,1.36,1.38,1.41,0.67,0.51,0,0,0.51,0.69,0.67,0.69
Rome,0.72,0.77,0.81,5,3.84,5,2.94,2.93,2.85,2.42,2.1,1.37,1.36,1.35,1.37,1.41,0.54,0.54,0,0,0.51,0.7,0.68,0.69
Rotterdam,0.72,0.76,5,5,3.84,5,2.94,2.93,2.84,2.41,2.09,1.37,1.35,1.34,1.36,1.47,0.54,0.51,0.5,0,0.52,0.71,0.69,0.7
Saint Petersburg,0.73,0.76,0.81,5,3.84,5,2.94,2.93,2.84,2.42,2.08,1.39,1.37,1.33,1.35,1.47,0.54,0.6,0.5,0,0.51,0.71,0.7,0.71
Salzburg,0.74,0.78,0.85,0.83,3.85,5,2.93,2.92,2.83,2.41,2.07,1.46,1.37,1.32,1.34,1.36,0.55,0.58,0.5,0,0.51,0.72,0.71,0.72
Sarajevo,0.83,0.78,0.82,0.85,3.85,5,2.93,2.92,2.82,2.83,2.06,1.46,1.35,1.31,1.33,1.35,0.55,0.58,0.53,0.5,0.75,0.73,0.72,0.73
Seville,0.76,0.82,0.83,5,3.86,5,2.94,2.91,2.82,2.41,2.05,1.46,1.34,1.3,1.31,1.33,1.36,0.58,0.52,0.5,0.52,0.75,0.73,0.74
Sofia,0.77,0.83,0.84,0.86,3.87,5,5,2.91,2.81,2.81,2.04,1.44,1.29,1.29,1.3,1.32,1.34,0.58,0.52,0.51,0.53,0.76,0.74,0.77
Split,0.85,0.84,0.85,0.88,3.87,2.94,5,2.91,2.8,2.8,2.03,1.42,1.28,1.27,1.28,1.3,0.58,0.58,0.53,0.51,0.53,0.78,0.76,0.8
Stockholm,0.8,0.86,0.87,0.9,3.88,5,2.92,2.9,2.79,2.79,2.01,1.42,1.3,1.26,1.27,1.29,0.57,0.59,0.53,0.52,0.53,5,0.77,0.88
Strasbourg,0.82,0.87,0.89,5,3.88,5,5,2.9,2.78,2.77,2,1.39,1.26,1.24,1.25,1.27,0.57,0.6,0.53,0.52,0.53,5,0.79,0.9
Stuttgart,0.83,0.89,0.9,4.64,3.89,5,2.91,2.89,2.77,2.76,1.98,1.38,1.27,1.22,1.23,1.26,0.58,0.62,0.54,0.53,0.54,5,0.81,0.93
Tallinn,0.85,0.91,0.91,4.64,3.9,5,2.91,2.88,2.75,2.75,1.97,1.36,1.22,1.21,1.22,1.25,1.27,0.56,0.54,0.53,0.55,5,0.61,0.85
Tbilisi,0.87,0.92,0.94,4.64,3.9,5,2.9,2.88,2.74,2.74,1.95,1.34,1.2,1.19,1.2,1.36,1.44,0.56,0.54,0.54,0.55,0.86,0.62,0.86
Thessaloniki,0.9,0.94,0.95,4.64,3.91,5,2.89,2.87,2.73,2.72,1.93,1.32,1.18,1.17,1.18,1.35,1.39,0.57,0.55,0.54,0.55,5,0.86,0.89
Tirana,0.92,0.96,0.97,4.64,3.92,5,2.88,2.86,2.71,2.71,1.91,1.3,1.17,1.15,1.17,1.18,1.36,0.57,0.56,0.55,0.56,5,0.88,0.91
Toulouse,0.94,0.98,0.99,4.64,3.93,5,2.88,2.86,2.7,2.69,1.9,1.28,1.15,1.13,1.15,1.32,0.9,0.58,0.56,0.55,0.57,5,0.9,0.96
Valencia,0.96,1,1.02,4.64,3.93,5,2.88,2.85,2.69,2.68,1.88,1.32,1.13,1.11,1.13,1.31,0.89,0.59,0.57,0.56,0.57,5,0.92,0.93
Valletta,0.98,1.02,1.03,4.64,3.94,5,2.87,2.84,2.67,2.67,1.86,1.13,1.11,1.09,1.1,1.13,0.88,0.6,0.58,0.57,0.58,5,0.94,0.95
Venice,1,1.04,1.05,4.65,3.95,5,2.85,2.84,2.66,2.65,1.84,1.11,1.09,1.08,1.09,1.11,0.88,0.6,0.58,0.57,0.58,5,0.96,0.96
Vienna,1.02,1.06,1.07,4.65,3.96,5,2.85,2.83,2.64,2.64,1.83,1.21,1.07,1.06,1.07,1.09,0.87,0.61,0.59,0.58,0.59,5,0.98,0.98
Vilnius,1.03,1.07,1.08,4.65,3.97,5,2.85,2.82,2.63,2.63,1.81,1.31,1.05,1.04,1.05,1.07,1.26,0.62,0.6,0.59,0.6,5,0.99,1
Warsaw,1.06,1.09,1.1,5,3.97,5,2.84,2.81,2.61,2.63,1.79,1.28,1.03,1.02,1.03,1.05,1.25,1.3,0.6,0.59,0.6,5,1.01,1.02
Wrocław,1.12,1.11,1.12,5,3.98,5,2.84,2.81,2.6,2.61,1.77,1.27,1.01,1,1.01,1.04,1.24,1.27,0.61,0.6,0.61,5,1.03,1.04
Yerevan,1.13,1.13,1.14,5,3.99,5,2.83,2.8,2.59,2.61,1.56,1.25,0.99,0.98,0.99,1.01,1.23,1.25,0.62,0.61,0.62,0.73,1.05,1.05
Zagreb,1.15,1.15,2.14,5,4,5,2.82,2.79,2.57,2.6,1.74,4.92,0.98,0.97,0.98,1,0.68,1.24,0.62,0.61,0.62,0.75,1.07,1.07
Zaragoza,1.17,1.16,1.18,4.66,4,5,5,2.79,2.56,2.09,1.72,1.1,0.96,0.95,0.96,0.98,1.21,0.65,0.63,0.62,0.63,5,1.09,1.09
Zürich,1.19,1.18,2.32,4.66,4.01,5,5,2.78,2.55,2.07,1.71,0.97,0.94,0.93,0.94,0.97,1.2,0.84,0.64,0.63,0.64,5,1.11,1.11
Aarhus,1.2,1.2,2.34,4.67,4.02,5,5,2.77,2.54,2.05,1.69,0.95,0.93,0.91,0.93,0.95,1.19,0.67,0.64,0.63,0.64,0.8,1.12,1.12
Ålesund,1.22,1.21,1.24,4.67,4.02,5,5,2.76,2.52,2.04,1.68,0.93,0.91,0.9,0.91,0.93,1.18,0.67,0.65,0.64,0.65,5,1.14,1.14
Bergen,1.24,1.23,1.24,4.66,4.03,5,2.78,2.76,2.51,1.67,1.66,0.92,0.89,0.88,0.89,0.91,0.94,0.67,0.66,0.65,0.66,5,1.16,1.16
Bologna,1.21,1.25,1.27,4.67,4.08,5,2.78,2.75,2.5,1.65,1.64,0.9,0.88,0.86,0.87,0.89,1.17,0.83,0.66,0.65,0.66,5,1.18,1.17
Catania,1.23,1.26,1.28,4.67,4.1,5,2.77,2.74,2.49,1.63,1.63,0.88,0.86,0.85,0.86,0.88,0.91,0.82,0.67,0.66,0.67,0.83,1.2,1.19
Ghent,1.28,1.28,1.29,4.67,4.09,5,2.77,2.74,2.48,1.62,1.61,0.86,0.84,0.83,0.84,0.86,0.89,0.82,0.67,0.66,0.68,0.81,1.22,1.21
Glasgow,1.26,1.3,2.21,4.68,4.09,5,5,2.73,2.46,1.6,1.6,0.85,0.83,0.82,0.82,0.85,0.87,0.69,0.67,0.66,0.68,0.82,1.23,1.23
Lyon,1.26,1.31,2.39,4.68,4.09,5,5,2.73,2.45,1.59,1.59,0.84,0.81,0.8,0.81,0.83,0.86,0.7,0.67,0.67,0.69,5,1.25,1.24
Valencia,1.26,1.31,1.32,4.68,4.1,5,5,2.73,2.45,1.58,1.58,0.83,0.8,0.79,0.8,0.9,0.85,0.7,0.68,0.67,0.69,5,5,1.25
Aberdeen,1.38,1.55,1.91,1.91,3.23,2.28,3.22,4.53,5,5,1.64,1.59,1.59,1.65,0.85,0.61,0,0,0,0.56,0.52,1.08,1.36,1.34
Alicante,1.35,1.43,1.91,1.91,5,3.22,3.22,3.91,5,5,1.64,1.59,1.64,1.64,0.85,0.63,0,0,0,0.53,0.52,1.08,1.36,1.34
Alkmaar,1.34,1.42,1.93,1.91,1.92,3.22,3.22,3.25,5,5,1.64,1.59,1.64,1.74,0.85,0.74,0,0,0,0.52,0.51,1.05,1.36,1.35
Amersfoort,1.34,1.36,1.93,1.42,1.92,1.98,3.22,4.57,5,5,5,1.59,1.63,1.72,0.85,0.72,0.51,0,0,0,0.51,1.04,1.36,1.35
Ancona,1.34,1.35,5,1.41,1.92,3.23,3.22,3.99,5,5,5,1.6,1.63,1.58,0.85,5,0.54,0,0,0,0.66,1.09,1.36,1.35
Annecy,1.34,1.35,1.38,1.41,1.92,1.95,3.23,3.24,5,5,5,1.6,1.63,1.58,0.86,0.86,0.55,0,0,0,0.66,1.09,1.09,1.37
Antibes,1.34,1.35,1.63,1.91,1.93,1.83,3.23,3.24,5,5,5,1.61,1.61,1.58,0.87,0.79,0.57,0,0,0,0.59,5,1.09,1.36
Arnhem,1.34,1.36,1.58,1.92,1.93,1.77,3.23,5,3.92,5,5,1.63,1.61,1.49,1.58,0.79,0.58,0,0,0,0.57,5,1.08,1.35
Augsburg,1.34,1.35,1.57,1.92,5,1.76,3.23,5,4.01,3.92,5,1.63,1.59,1.58,1.2,0.85,0.58,0,0,0,0,0.51,1.07,1.35
Avila,1.34,1.35,1.57,1.92,1.92,1.83,3.23,4.36,4,5,5,1.63,1.59,1.58,1.2,0.84,0.58,0,0,0,0,0.51,1.04,1.35
Bamberg,1.34,1.35,1.55,1.92,1.93,5,2.14,3.26,3.92,3.92,5,1.63,1.59,1.58,1.2,0.84,0.62,0,0,0,0.54,0.5,1.03,1.36
Bayreuth,1.34,1.35,1.55,1.93,1.92,1.84,2.13,4.35,3.92,3.92,5,1.63,1.59,1.63,1.2,0.84,0.59,0,0,0,0,0,1.03,1.36
Bergamo,1.34,1.35,1.55,1.93,1.92,1.95,3.24,4.35,3.92,3.92,5,1.63,1.59,1.63,1.2,0.84,0.59,0,0,0,0,0.5,1.03,1.36
Biarritz,1.34,1.35,1.55,1.92,1.92,1.84,2.09,4.35,3.92,3.92,5,1.63,1.59,1.63,1.2,0.84,0.59,0,0,0,0,0.5,1.04,1.36
Bielefeld,1.34,1.35,1.56,1.93,1.92,1.84,2.1,4.35,3.92,3.92,5,1.63,1.59,1.63,1.2,0.84,0.62,0,0,0,0.55,0.5,1.04,1.36
Bochum,1.34,1.35,1.57,1.93,1.93,5,2.1,4.35,3.92,3.92,5,1.63,1.58,1.62,1.2,0.84,0.61,0,0,0,0,0.5,1.04,1.37
Bolzano,1.35,1.36,1.56,1.93,1.93,5,2.03,4.34,3.92,3.91,5,1.62,1.58,1.62,1.19,0.83,0.62,0,0,0,0,0.51,1.04,1.37
Brescia,1.36,1.36,1.58,1.94,1.93,5,1.9,3.25,3.91,3.91,5,1.62,1.57,1.61,1.19,0.83,0.62,0,0,0,0,0.51,0.55,1.5
Bristol,1.36,1.37,1.57,1.94,1.94,1.84,1.82,3.25,3.91,3.9,5,1.61,1.57,1.61,2.81,0.83,0.64,0,0,0,0,0.51,0.55,1.38
Brno,1.37,1.38,1.41,1.94,1.94,1.84,1.78,3.24,3.9,3.9,5,1.6,1.56,1.6,1.21,0.82,0.5,0,0,0,0,1.46,1.01,1.39
Cadiz,1.38,1.38,1.41,1.95,1.94,1.84,3.23,3.24,3.89,3.89,5,1.6,1.55,1.59,2.79,0.82,0.51,0,0,0,0,5,1.01,1.4
Calais,1.39,1.39,1.42,2.55,1.95,1.84,3.23,3.24,3.89,3.88,5,1.59,1.54,1.58,1.19,0.81,0.51,0,0,0,0,5,1.02,1.42
Cambridge,1.4,1.4,1.42,5,1.95,3.25,1.81,3.23,4.52,3.88,5,1.58,1.54,1.57,1.67,0.81,0.51,0,0,0,0,5,0.92,1.42
Canterbury,1.41,1.41,1.43,1.46,1.96,3.25,1.8,3.23,4.51,3.87,5,1.57,1.53,1.56,1.58,0.8,0.51,0,0,0,0,5,0.92,1.44
Carcassonne,1.42,1.42,1.43,2.56,1.97,1.98,1.79,3.23,4.5,5,5,1.57,1.52,1.55,1.65,0.8,0.52,0,0,0,0,0.67,0.93,1.48
Chester,1.43,1.43,1.44,1.47,1.97,1.84,1.78,3.22,4.51,3.94,5,1.56,1.51,1.54,1.56,1.51,0.52,0.54,0,0,0,0.68,0.94,1.18
Coimbra,1.44,1.44,1.45,1.48,1.97,5,1.78,3.22,4.5,4.5,5,5,1.51,1.53,1.42,1.13,0.52,0.55,0.5,0,0,0.65,0.95,1.17
Como,1.45,1.45,1.46,1.49,1.98,1.99,1.52,3.22,5,4.49,5,5,1.52,1.52,1.57,5,0.53,0.51,0,0,0,1.53,0.95,1.18
Cosenza,1.45,1.45,1.47,1.5,1.53,1.99,1.48,3.22,4.5,4.48,5,5,1.51,1.51,1.48,5,0.53,0.51,0,0,0,0.68,0.96,1.19
Delft,1.47,1.46,1.48,1.5,1.53,2,1.77,3.21,4.48,3.85,5,5,1.5,1.5,1.49,1.1,0.53,0.51,0,0,0,5,0.97,1.2
Dijon,1.48,1.47,1.49,1.51,1.54,2,1.49,3.21,4.48,3.83,5,5,1.49,1.49,1.47,0.78,0.75,0.51,0,0,0,0.67,1,1.21
Dresden,1.49,1.48,1.49,1.52,1.55,1.48,1.47,3.21,4.48,3.82,5,5,1.49,1.48,1.47,0.77,0.76,0.51,0,0,0,0.68,1.01,1.22
Dubrovnik,1.5,1.49,1.5,1.53,1.56,2.01,1.46,3.21,5,3.81,5,2.15,1.48,1.47,1.46,0.77,0.75,0.51,0,0,0,5,1.01,1.23
Durham,1.51,1.5,1.52,1.53,1.56,5,1.45,3.2,5,3.8,5,2.14,1.47,1.46,1.49,1.07,0.74,0.51,0,0,0.5,5,1.02,1.24
Edinburgh,1.52,1.51,1.52,1.54,1.57,5,1.44,3.2,5,3.79,5,2.13,1.46,1.45,1.34,0.76,0.75,0.52,0.5,0,0.5,5,1.27,1.24
Erfurt,1.53,1.52,1.53,1.55,1.58,5,1.44,3.2,5,3.79,5,2.12,1.45,1.44,1.34,0.76,0.74,0.52,0.5,0,0.5,5,1.71,1.25
Exeter,1.54,1.53,1.54,1.56,1.59,5,1.43,3.2,4.47,3.78,5,2.11,1.44,1.43,1.42,1.04,0.73,0.53,0.51,0,0.51,1.62,0.83,1.26
Ferrara,1.55,1.54,1.55,1.57,1.6,1.55,1.43,3.2,5,3.77,5,2.1,1.43,1.42,1.44,1.04,0.73,0.53,0.51,0.5,0.51,5,0.84,1.27
Freiburg,1.56,1.55,1.56,1.58,2.03,1.51,3.25,3.19,5,3.76,5,2.09,1.43,1.41,1.42,1.03,0.73,0.54,0.51,0.5,0.51,5,0.85,1.28
Gdansk,1.57,1.56,1.57,1.59,1.62,1.54,1.43,3.19,4.81,3.76,5,2.08,1.42,1.4,1.41,1.03,0.73,0.57,0.51,0.51,0.51,5,1.61,1.29
Genoa,1.58,1.57,1.58,2.05,1.63,1.43,1.42,3.18,5,3.74,5,2.07,1.41,1.39,1.41,1.02,0.73,0.55,0.52,0.51,0.52,5,1.62,1.3
Ghent,1.33,1.58,1.59,1.61,1.64,1.42,1.42,3.18,5,3.74,5,2.05,5,1.38,1.39,1.02,0.72,0.63,0.52,0.52,0.52,0.67,1.63,1.31
Girona,1.34,1.59,1.6,1.63,1.65,1.47,3.25,3.17,5,3.72,5,2.04,5,1.37,1.38,1.01,0.72,0.57,0.53,0.52,0.53,0.64,1.65,1.33
Göttingen,1.36,1.61,1.62,1.65,2.05,1.58,3.25,3.17,3.19,3.71,5,2.02,5,1.35,1.37,1,1.41,0.56,0.54,0.53,0.53,0.71,0.9,1.34
Granada,1.37,1.62,1.63,1.66,1.68,1.58,3.25,3.16,3.18,3.7,5,2.01,5,1.31,1.35,0.99,0.99,0.57,0.54,0.53,0.54,0.65,1.68,1.29
Graz,1.39,1.64,1.65,1.67,2.06,1.42,3.25,3.16,4.41,3.69,5,1.99,5,1.29,1.33,0.99,0.99,0.57,0.55,0.54,0.54,0.66,0.93,1.37
Groningen,1.41,1.66,1.66,1.7,1.71,1.61,3.25,3.15,3.18,3.67,5,1.97,5,1.27,1.32,0.99,0.72,0.58,0.56,0.55,0.55,0.68,0.94,1.39
Guimaraes,1.42,1.67,1.68,1.71,1.51,1.81,3.24,3.14,5,3.66,5,1.95,5,1.29,1.3,1.32,0.72,0.58,0.56,0.55,0.56,0.69,0.96,1.41
Gyor,1.44,1.69,1.7,1.73,1.5,1.62,3.24,3.13,3.16,3.64,5,1.93,5,1.27,1.28,0.99,0.95,0.59,0.57,0.56,0.57,0.72,0.98,1.43
Haarlem,1.46,1.71,1.72,1.75,1.63,1.8,3.23,3.13,3.15,3.63,5,1.92,5,1.22,1.28,0.99,0.71,0.6,0.57,0.57,0.57,0.73,1.01,1.44
Halle,1.48,1.72,1.73,1.76,1.62,1.81,3.22,3.12,3.14,3.62,5,1.9,5,1.2,1.26,1.27,0.93,0.61,0.59,0.57,0.58,0.74,1.03,1.46
Hanover,1.5,1.74,1.75,1.78,1.58,1.85,3.22,3.12,3.13,3.6,5,1.88,5,1.18,1.24,1.25,0.92,0.61,0.59,0.58,0.59,0.8,5,1.48
Heidelberg,1.52,1.76,1.77,1.8,1.53,1.81,3.15,3.11,3.14,3.59,5,1.85,5,1.17,1.34,0.94,0.92,0.62,0.6,0.59,0.6,0.73,1.82,1.5
Helsinki,1.54,1.78,1.79,5,1.56,1.85,3.22,3.1,4.35,3.57,5,1.83,5,1.14,1.33,0.92,0.91,0.63,0.61,0.6,0.6,0.75,1.84,1.53
Innsbruck,1.55,1.8,1.81,1.84,1.53,1.86,3.21,3.09,4.35,3.56,5,1.82,5,1.13,1.32,1.2,0.9,0.64,0.61,0.6,0.61,5,1.86,1.54
Jena,1.57,1.82,1.83,5,1.54,1.86,3.21,3.09,4.34,3.54,5,1.79,5,1.11,1.3,1.27,0.89,0.64,0.62,0.61,0.62,5,0.95,1.56
Kalmar,1.59,1.83,1.84,5,1.54,1.9,3.21,3.08,4.33,3.53,5,1.78,5,1.09,1.28,1.28,0.88,0.65,0.63,0.62,0.63,5,0.98,1.42
Karlsruhe,1.61,1.85,1.87,1.9,1.56,1.9,3.21,3.07,4.6,3.51,5,1.75,5,1.07,1.27,1.27,0.88,0.66,0.64,0.63,0.63,5,1,1.6
Kassel,1.64,1.87,1.89,5,1.77,1.88,3.21,3.06,4.58,3.5,5,1.73,5,1.05,1.26,1.25,0.87,0.67,0.65,0.64,0.64,5,1.66,1.62
Kaunas,1.65,1.89,1.9,5,1.79,1.88,3.21,3.06,4.57,3.48,5,1.71,5,1.03,1.25,1.24,0.87,0.67,0.65,0.64,0.65,5,5,1.64
Kiel,1.68,1.91,1.92,2.32,5,1.88,3.21,3.05,5,3.47,5,1.69,5,1.01,1.23,1.23,0.86,0.68,0.66,0.65,0.66,5,1.96,1.57
Klagenfurt,1.7,1.93,1.94,2.34,1.61,1.89,3.22,3.04,5,3.45,5,1.67,5,0.99,1.22,1.21,0.85,0.69,0.67,0.66,0.66,5,5,1.58
Koblenz,1.71,1.95,1.96,1.83,5,2.01,4.08,3.04,5,3.44,5,1.65,5,0.98,1.21,1.2,0.84,0.7,0.67,0.66,0.67,5,2.01,1.6
Krakow,1.74,1.97,1.98,1.84,1.66,2.06,3.2,3.03,5,3.42,5,1.63,5,0.96,1.2,1.19,0.84,0.7,0.68,0.67,0.68,5,5,1.55
La Rochelle,1.76,1.98,1.99,1.86,5,2.1,3.2,3.02,3.04,3.41,4.08,1.61,5,0.94,1.18,1.18,0.83,0.71,0.68,0.68,0.69,5,5,1.65
Lecce,1.78,2,2.02,1.86,5,3.22,3.2,3.01,3.03,3.4,5,1.59,5,5,1.17,1.16,0.84,0.72,0.69,0.69,0.7,5,5,1.59
Leiden,2.03,2.02,2.03,1.87,5,3.22,3.2,3.01,3.03,3.38,5,1.57,5,5,1.16,1.15,1.16,0.72,0.71,0.7,0.7,5,5,1.69
Leipzig,2.05,2.04,2.05,1.88,5,2.2,3.2,3,5,5,5,1.55,5,5,1.15,1.13,1.15,0.73,0.71,0.7,0.71,5,5,1.62
Lille,2.07,2.06,2.07,1.89,5,2.2,4.1,2.99,3.02,5,5,1.53,5,5,1.14,1.12,0.84,0.74,0.72,0.71,0.72,5,5,1.82
Limerick,2.09,2.08,2.09,1.89,5,2.29,3.21,2.99,3,5,4.04,1.51,5,5,1.13,1.11,1.12,0.75,0.72,0.7,0.72,5,1.8,1.57
Ljubljana,2.1,2.1,2.11,1.9,2.27,2.29,3.21,2.98,2.99,3.35,5,1.49,5,5,1.13,1.1,1.11,0.76,0.74,0.7,0.74,5,5,1.59
Lübeck,2.12,2.11,2.13,1.91,2.28,2.3,4.12,2.97,2.99,3.33,4.02,1.47,5,5,1.57,1.09,1.1,0.74,0.72,0.71,0.74,5,1.27,1.7
Lund,2.14,2.13,2.15,1.92,2.29,4.01,4.13,2.96,2.98,3.32,5,1.45,5,5,5,1.08,1.08,0.74,0.72,0.71,0.74,5,1.29,1.72
Luxembourg City,2.16,2.15,2.28,1.93,4.01,3.21,4.13,2.96,2.97,3.29,4.01,1.43,5,5,5,1.07,0.9,0.75,0.73,0.72,0.74,5,2.22,1.73
Lviv,2.18,2.17,2.32,1.92,4,3.2,4.14,2.95,2.97,3.28,5,1.41,5,5,5,1.06,0.88,0.8,0.74,0.73,0.74,0.8,2.22,1.73
Maastricht,2.2,2.19,5,2.02,2.19,4,4.14,2.94,2.96,3.27,4,1.4,5,5,1.06,1.05,0.87,0.8,0.74,0.73,0.75,5,2.25,1.75
Magdeburg,2.22,2.21,5,1.94,2.31,3.2,4.15,2.94,3.24,3.25,3.99,1.38,5,5,1.05,1.04,0.86,0.96,0.75,0.74,0.75,5,5,1.75
Mainz,2.24,2.23,5,1.93,3.98,3.2,4.16,2.93,2.95,3.24,3.99,1.36,5,5,1.04,1.03,0.85,0.91,0.76,0.75,0.76,5,5,1.77
Malaga,2.32,2.25,5,1.86,2.3,3.2,4.16,2.92,2.94,3.21,3.98,1.34,5,5,1.03,1.02,0.84,0.81,0.77,0.76,0.77,5,1.27,1.79
Mantua,2.33,2.27,5,1.88,2.32,3.2,4.17,2.91,2.93,3.2,3.98,1.32,5,1.15,1.02,1.01,0.84,0.85,0.78,0.76,0.77,5,1.29,1.81
Marburg,2.35,2.28,5,1.89,2.32,3.2,4.17,2.91,2.92,3.18,3.96,1.3,5,1.12,1.01,1,0.83,0.93,0.79,0.77,0.78,5,5,1.83
Mechelen,2.37,2.3,2.42,1.9,2.33,3.98,4.18,2.9,2.92,3.17,3.96,1.28,5,1.1,0.64,0.99,0.82,1,0.79,0.78,0.79,5,5,1.85
Modena,2.39,2.32,2.44,1.92,2.34,3.95,2.92,2.89,2.91,3.16,3.96,1.26,5,1.08,0.62,0.98,0.82,0.99,0.84,0.79,0.8,5,5,1.87
Mons,2.41,2.34,5,1.92,2.01,3.19,4.19,2.89,2.9,2.04,3.95,1.24,5,1.06,0.61,0.97,0.82,0.98,0.81,0.79,0.81,5,5,1.89
Montpellier,2.43,2.36,5,1.94,2.01,3.2,4.2,2.88,2.9,2.02,3.95,1.22,5,1.04,0.59,0.96,0.95,0.97,0.8,0.8,0.81,5,5,1.91
Münster,2.45,2.38,5,1.96,2.37,3.92,2.9,2.87,2.89,2.01,3.94,1.2,5,1.02,0.57,0.96,0.94,0.84,0.81,0.81,0.82,5,5,1.93
Namur,2.47,2.4,5,1.97,2.38,3.22,4.21,2.87,2.88,1.99,3.93,1.03,5,1,0.56,0.95,0.91,0.81,0.81,0.81,0.82,5,5,1.95
Nantes,2.48,2.41,5,1.99,3.93,4.12,4.22,2.86,2.87,1.98,3.93,1.01,1,0.99,0.55,0.94,0.91,0.8,0.82,0.82,0.83,5,1.4,1.93
Newcastle,2.22,2.42,5,2,2.37,3.21,2.88,2.86,3.09,3.09,3.94,1.01,0.99,0.98,0.54,0.94,0.92,0.79,0.83,0.82,0.83,5,5,1.92
Norwich,2.2,2.41,5,1.97,2.37,3.9,4.22,2.86,3.47,3.09,3.91,1.01,0.99,0.98,0.55,0.94,0.91,0.78,0.83,0.82,0.84,4.22,5,1.93
Novi Sad,2.2,2.44,5,1.98,2.37,3.9,4.22,2.87,3.48,3.1,3.91,1.01,0.99,0.98,3.48,0.95,0.9,0.78,0.83,0.82,0.84,4.22,5,1.7
Odense,2.19,2.43,5,1.99,2.37,3.91,4.22,2.87,3.48,3.12,3.91,1.01,1,0.98,3.48,0.95,0.91,0.78,0.83,0.81,0.84,4.22,5,1.7
Olomouc,2.19,2.44,5,1.98,2.38,3.91,4.22,2.87,3.48,3.11,3.91,1.01,1,0.98,3.48,0.95,0.91,0.78,0.83,0.82,0.84,4.22,5,1.6
Osnabrück,2.19,2.44,5,1.98,2.38,3.91,4.22,2.87,3.48,3.11,3.91,1.01,1,0.98,3.48,0.96,0.91,0.78,0.83,0.82,0.84,4.22,5,1.7
Padua,2.2,2.45,5,1.99,2.39,3.9,4.22,2.87,3.48,3.11,3.91,1.01,0.99,0.98,3.48,0.94,0.91,0.78,0.83,0.82,0.84,4.22,5,1.7
Pavia,2.2,2.42,2.52,1.99,2.39,3.9,4.22,2.87,3.48,3.11,3.9,1.01,0.99,0.98,3.48,0.94,0.91,0.78,0.83,0.82,0.84,4.22,5,1.61
Perugia,2.2,2.47,2.52,1.99,2.39,3.9,4.22,2.86,3.48,3.11,3.91,1.01,0.99,0.98,3.48,0.94,0.92,0.78,0.84,0.82,0.85,4.22,5,1.61
Pescara,2.2,2.42,2.52,2,2.39,3.9,4.22,2.86,3.48,3.11,3.91,1.01,0.99,0.98,3.48,0.94,0.92,0.78,0.84,0.82,0.84,4.22,5,1.61
Pilsen,2.2,2.42,2.52,2.02,2.39,3.9,4.22,2.86,3.48,3.11,3.91,1.01,0.99,0.98,3.48,0.95,0.91,0.78,0.84,0.82,0.84,4.22,5,1.7
Plovdiv,2.2,2.42,2.53,2.01,2.39,3.9,4.22,2.86,3.47,3.1,3.91,1.01,0.99,0.98,3.47,0.95,0.91,0.78,0.84,0.82,0.86,4.22,5,1.71
Tirana,2.2,2.42,2.53,2.01,2.39,3.9,4.22,2.86,3.47,3.1,3.91,1.01,0.99,0.98,3.47,0.95,0.92,0.78,0.84,0.82,0.86,4.22,5,1.71
Durres,2.21,2.47,2.53,2.01,2.39,3.9,4.22,2.87,3.47,3.1,3.91,1.01,0.99,0.97,3.48,0.94,0.92,0.78,0.84,0.82,0.86,4.22,5,1.71
Vlore,2.21,2.49,5,2.01,2.39,3.9,4.22,2.87,3.47,3.1,3.91,1,0.98,0.97,3.47,0.94,0.92,0.78,0.94,0.82,0.86,4.22,5,1.62
Shkoder,2.21,2.43,5,2.02,2.39,3.9,4.22,2.86,3.47,3.1,3.91,1,0.98,0.97,3.47,0.94,0.92,0.78,0.94,0.82,0.86,4.22,5,1.62
Berat,2.22,2.44,2.55,2.01,2.39,3.9,4.23,2.86,3.46,3.1,3.9,0.99,0.97,0.96,0.97,0.94,0.92,0.78,0.94,0.83,0.84,4.23,5,1.63
Andorra la Vella,2.23,2.45,2.56,2.01,2.39,3.89,4.23,2.86,3.46,3.09,5,0.99,0.96,0.95,1.53,0.93,0.92,0.78,0.94,0.83,0.84,4.23,5,1.64
Vienna,2.24,2.48,5,2.01,2.39,3.89,4.23,2.85,3.45,3.07,3.91,0.97,0.95,0.94,0.95,0.93,0.91,0.77,0.93,0.84,0.85,4.23,5,2.25
Salzburg,2.26,2.52,2.56,2.03,2.4,3.91,4.24,2.84,3.44,3.06,3.88,0.96,0.94,0.92,0.95,0.93,0.91,0.78,0.92,0.85,0.86,4.24,5,1.67
Innsbruck,2.27,2.51,2.56,2.04,2.4,3.91,4.24,2.84,3.43,3.05,3.88,0.95,0.93,0.91,1.48,0,0.9,0.77,0.92,0.85,0.87,4.24,5,1.69
Graz,2.29,2.52,5,2.05,2.41,3.87,4.25,2.83,3.42,3.04,3.87,0.93,0.91,0.9,0.92,0,0.9,0.77,0.92,0.83,0.92,4.25,5,1.68
Linz,2.31,2.53,5,2.06,2.42,3.86,4.25,2.82,2.86,3.03,3.87,0.92,0.9,0.88,0.9,0,0.9,0.78,0.91,0.83,0.89,4.25,5,2.32
Klagenfurt,2.33,2.54,5,2.07,2.43,3.85,4.26,2.81,3.02,3.01,3.86,0.9,0.88,0.86,0.88,0,0.9,0.78,1.25,0.84,5,4.26,5,1.76
Bregenz,2.34,2.56,2.64,2.08,2.1,3.84,4.27,2.81,3.38,2.99,5,0.89,0.86,0.85,0.86,0,0.9,0.78,0.78,0.85,0.91,4.26,5,2.35
Villach,2.36,2.57,5,2.16,5,3.84,4.27,2.8,2.83,3.01,5,0.87,0.85,0.83,0.84,0,0.89,0.86,0.78,0.85,0.94,4.27,5,5
Wels,2.38,2.59,2.66,2.09,2.12,3.83,2.82,2.79,2.81,3.38,5,0.86,0.83,0.82,0.83,0,0.89,0.85,0.78,0.86,0.91,4.28,5,5
St. Pölten,2.39,2.6,5,2.11,5,3.83,4.29,2.78,2.8,2.82,5,0.85,0.82,0.8,0.81,0,0.89,0.8,0.77,0.87,0.91,4.28,5,5
Minsk,2.4,2.61,5,2.11,5,3.82,4.29,2.78,2.79,2.8,5,0.84,0.81,0.79,0.8,0.91,0.89,0.79,0.77,0.91,0.92,5,1.27,1.66
Brest,2.4,2.64,2.63,2.12,2.48,3.82,4.29,2.78,2.79,2.8,5,5,0.84,0.79,0.79,2.17,0.89,0.78,0.77,1.02,0.92,5,1.27,1.63
Hrodna,2.4,2.62,2.62,2.13,5,3.82,4.29,2.78,2.78,2.8,5,5,0.84,0.79,0.79,0.82,0.88,0.78,0.77,0.93,0.91,5,1.27,1.6
Mahilyow,2.4,2.62,2.61,2.11,5,3.82,5,2.79,2.79,2.8,3.84,5,0.86,0.8,0.79,0.81,0.89,0.79,0.77,1,0.91,5,1.28,1.6
Vitebsk,2.39,2.61,2.61,2.63,5,3.82,5,2.79,2.79,2.8,3.85,3.84,0.87,0.8,0.79,0.81,0.89,0.79,0.77,0.92,0.91,5,1.28,1.6
Brussels,2.39,2.61,2.61,2.12,5,3.82,5,2.79,2.79,2.8,5,3.84,0.86,0.8,0.79,0.81,0.89,0.79,0.77,0.9,0.91,5,1.28,1.59
Antwerp,2.4,2.62,2.61,2.11,5,3.82,5,2.79,2.79,2.8,2.17,3.84,0.86,0.8,0.79,0.81,0.89,0.79,0.77,0.89,0.91,5,5,1.59
Ghent,2.4,2.62,2.61,2.13,5,3.83,5,2.79,2.79,2.8,2.17,3.84,5,0.81,0.79,0.81,0.89,0.78,0.77,0.89,0.91,5,1.28,1.6
Bruges,2.39,5,2.61,2.63,5,3.83,5,5,2.79,2.8,1.81,5,0.85,0.85,0.79,0.81,0.89,0.78,0.76,0.89,0.91,5,2.9,1.6
Liège,2.09,5,2.61,2.63,5,3.83,5,5,2.79,2.8,1.81,3.83,0.97,0.9,0.79,0.8,0.89,0.79,0.77,0.89,0.91,5,5,1.6
Charleroi,2.4,5,2.61,2.63,5,3.83,5,5,2.79,2.8,1.81,3.84,0.97,0.91,0.79,0.8,0,0.79,0.77,0.89,0.91,5,5,5
Leuven,2.4,5,2.61,2.13,5,3.83,5,5,2.79,2.8,1.81,3.84,0.97,0.8,0.79,0.8,0,0.88,0.77,0.88,0.91,5,1.17,1.6
Namur,2.09,5,2.61,2.62,2.22,3.83,5,5,2.79,2.8,1.81,3.84,0.96,0.8,0.79,0.8,0,0.88,0.87,0.88,0.91,5,1.17,5
Mons,2.09,2.85,2.61,2.62,2.21,3.83,3.84,5,2.79,2.81,1.81,3.84,0.83,0.8,0.79,0.8,0,0.87,0.87,0.88,0.91,5,1.17,5
Sarajevo,1.98,5,2.61,2.62,2.19,3.83,3.83,5,2.79,2.81,1.81,3.83,0.82,0.8,0.79,0.8,0,0.87,0.87,0.88,0.86,0.94,1.14,5
Banja Luka,1.98,2.84,2.61,2.62,2.19,3.84,3.83,2.8,2.79,2.82,1.81,3.84,0.83,0.8,0.79,0.79,0,0.87,0.86,0.77,0.86,0.94,5,5
Tuzla,1.72,2.41,2.61,2.63,2.19,3.84,3.83,2.8,2.8,2.81,1.81,3.84,0.97,0.8,0.79,0.79,0,0.87,0.84,0.76,0.85,0.91,5,5
Zenica,1.6,2.4,2.62,5,2.21,2.14,3.83,2.81,2.8,2.8,5,3.84,0.97,0.8,0.79,0.8,0,0.87,0.78,0.75,0.85,0.91,4.3,5
Mostar,1.59,2.4,2.62,5,2.13,2.48,3.83,2.82,2.8,2.8,3,0.88,5,0.8,0.79,0.79,0,0.88,0.83,0.75,0.85,0.9,0.92,5
Sofia,1.59,2.4,2.64,2.65,2.13,2.14,3.84,2.82,2.8,2.8,2.99,0.88,5,0.81,0.79,0.79,1.38,0.87,0.77,0.75,0.89,0.9,4.29,5
Plovdiv,1.59,2.4,2.63,2.62,2.14,2.49,3.84,4.29,2.81,2.8,2.82,5,5,5,0.78,0.78,1.42,0.87,0.86,0.75,0.89,0.9,0.92,5
Varna,1.59,2.4,2.63,2.62,5,5,3.84,4.3,2.81,2.8,2.82,5,5,5,0.79,0.78,2.17,0.87,0.77,0.74,0.87,0.9,5,5
Burgas,1.48,2.4,5,2.62,2.64,2.22,3.85,5,2.82,2.8,2.82,1.82,3.85,5,5,0.78,0.8,0.86,0.86,0.75,0.87,0.9,0.93,5
Ruse,1.62,2.41,5,2.62,2.64,2.21,3.85,5,2.83,2.8,2.82,1.82,0.84,5,0.81,0.78,0.79,0,0.85,0.75,0.86,0.92,0.91,5
Zagreb,1.32,2.42,3.59,2.62,2.64,2.21,3.86,3.85,5,2.8,2.82,1.81,3.85,0.97,0.79,0.78,0.79,0,0.85,0.85,0.86,0.85,0.9,5
Split,1.35,2.41,5,2.63,2.64,2.21,5,3.85,2.82,2.8,2.83,1.81,3.85,0.97,0.79,0.78,0.78,0,0.85,0.84,0.86,0.85,0.92,5
Rijeka,1.35,2.41,2.42,2.63,2.64,2.21,5,3.84,2.83,2.8,2.83,1.81,5,0.97,0.79,0.77,0.78,0,0.85,0.82,0.86,0.84,0.9,5
Osijek,1.28,2.42,2.42,2.63,2.64,2.22,5,3.84,2.83,2.81,3,1.81,5,5,0.79,0.77,0.78,0,0.85,0.82,0.85,0.85,0.9,5
Zadar,1.35,2.42,2.41,2.62,5,2.15,5,3.84,2.83,2.81,3,1.81,5,5,0.79,0.77,0.78,0,0.89,0.82,0.86,1.1,0.9,5
Nicosia,1.27,2.43,2.41,2.63,5,2.14,5,3.84,2.82,2.81,2.99,1.81,5,5,0.79,0.77,0.78,0,0.86,0.81,0.86,1.1,0.89,5
Limassol,5,5,2.41,2.63,5,2.22,5,3.84,2.83,2.81,2.99,1.82,3.85,5,0.79,0.77,0.78,0,0.87,0.81,0.75,1.1,0.89,5
Larnaca,1.27,5,2.41,2.63,5,2.21,5,3.84,2.83,2.81,2.83,1.82,3.85,5,0.79,0.77,0.78,0,0.86,0.76,0.74,1.1,0.89,5
Paphos,5,1.6,2.41,2.63,5,2.18,5,3.84,5,2.81,2.82,1.82,3.85,5,0.79,0.77,0.78,0,0.85,0.75,0.73,1.1,0.89,5
Prague,1.27,1.71,2.41,2.63,2.65,2.14,5,3.84,4.31,2.81,2.81,2.99,3.85,5,0.79,0.77,0.78,0,0.85,0.75,0.73,1.1,0.89,4.3
Brno,5,5,2.41,2.64,2.65,2.14,2.22,3.84,4.31,2.81,2.81,3,3.85,5,0.79,0.77,0.78,0,0.85,0.75,0.73,1.11,0.88,5
Ostrava,2.91,1.6,2.41,2.64,5,2.15,2.22,3.84,2.84,2.82,2.82,1.82,3.85,5,0.79,0.77,0.77,0.88,0.85,0.75,0.73,1.18,0.88,5
Plzen,2.91,1.61,2.41,2.7,2.64,2.15,2.24,3.85,2.84,2.82,2.82,2.83,1.83,5,0.8,0.77,0.77,0.87,0.85,0.74,0.73,0.86,0.89,5
Liberec,1.18,1.63,2.41,2.65,2.64,5,5,3.85,5,2.83,2.82,2.83,2.17,5,0.81,0.78,0.77,0.87,0.85,0.84,0.73,0.85,0.89,5
Copenhagen,1.17,5,2.41,2.7,2.64,2.15,2.22,3.85,5,5,2.81,2.83,1.82,5,5,0.77,0.76,0.87,0.85,0.84,0.73,0.85,0.87,0.9
Aarhus,1.51,5,2.14,2.71,2.64,5,2.16,3.85,5,5,2.81,2.82,1.82,3.86,5,0.77,0.76,0.78,0,0.84,0.73,0.85,0.84,0.9
Odense,1.08,5,2.11,2.72,2.64,2.66,2.24,3.85,5,2.83,2.81,2.82,1.82,3.85,5,0.77,0.76,0.78,0,0.84,0.73,0.84,0.83,0.89
Aalborg,1.09,5,2,5,2.64,2.65,2.24,3.85,5,2.83,2.81,2.83,1.82,3.86,5,0.77,0.76,0.77,0,0.84,0.73,0.85,0.83,0.89
Esbjerg,1.08,5,2.42,2.72,2.64,2.65,2.24,2.71,5,2.83,2.81,2.83,1.81,3.86,5,0.77,0.76,0.77,0,0.84,0.83,0.85,0.83,0.89
Tallinn,1.09,5,2,2.43,2.64,2.66,5,3.85,5,2.82,2.81,2.82,1.81,3.86,5,0.77,0.76,0.77,0,0.84,0.83,0.74,0.83,0.89
Tartu,1.08,5,2.42,5,2.64,2.65,5,3.85,5,2.82,2.81,2.82,1.81,3.86,5,0.77,0.76,0.77,0,0.84,0.74,0.74,0.83,0.89
Narva,1.08,5,2,2.43,2.64,2.65,2.16,3.85,5,2.82,2.81,2.82,1.81,3.86,5,0.77,0.76,0.77,0,0.84,0.74,0.74,0.83,0.89
Pärnu,1.09,5,2,2.43,2.64,2.65,2.24,3.85,5,2.82,2.81,2.83,1.81,5,5,0.77,0.76,0.77,0,0.83,0.83,0.74,0.83,0.89
Helsinki,1.18,5,2,5,2.65,2.65,2.17,2.26,5,2.82,2.81,2.83,1.81,3.86,5,0.77,0.76,0.77,0,0.84,0.83,0.74,0.83,0.89
Tampere,1.18,5,2.42,2.43,2.65,2.66,2.24,3.85,5,2.82,2.81,2.83,1.81,3.85,0.96,0.77,0.76,0.77,0,0.84,0.83,1.21,0.84,0.9
Turku,1.18,5,2,2.43,2.64,2.66,2.24,3.85,5,2.82,2.81,2.82,1.81,3.85,5,0.77,0.76,0.77,0,0.84,0.83,0.74,0.84,0.89
Oulu,5,5,2,2.44,2.65,2.66,5,3.85,5,2.82,2.8,2.98,1.81,3.84,0.96,0.77,0.75,0.76,0,0.84,0.83,1.22,0.84,0.91
Jyväskylä,1.1,5,2.43,2.44,2.65,2.66,2.25,2.86,5,2.81,2.8,2.97,1.8,3.84,5,0.76,0.75,0.76,0,0.84,0.83,1.22,0.85,0.91
Paris,5,5,2.44,2.44,2.65,2.66,2.23,3.84,5,2.81,2.79,2.96,1.79,3.83,0.94,0.76,0.75,0.76,0,0.85,0.84,0.75,0.85,0.92
Marseille,1.3,5,1.95,2.45,2.66,2.66,2.16,2.17,5,2.8,2.79,2.95,1.78,3.83,0.93,0.76,0.75,0.75,0,0.85,0.82,0.75,0.86,0.92
Lyon,5,5,1.96,2.45,2.66,2.67,2.24,3.83,5,2.79,2.78,2.98,1.78,3.83,0.92,0.75,0.74,0.75,0.88,0.86,0.82,0.75,0.87,0.93
Toulouse,1.13,5,2.46,2.46,2.66,2.68,5,3.82,5,2.78,2.77,2.78,1.77,3.82,0.91,0.75,0.74,0.75,0.88,0.86,0.77,0.76,0.89,0.93
Nice,1.14,5,2.46,2.46,2.67,2.68,2.23,2.16,5,2.78,2.76,2.77,1.76,5,0.91,0.75,0.73,0.74,0.89,0.87,0.77,0.76,0.88,0.94
Nantes,1.15,5,2.47,2.47,2.67,2.69,2.24,2.16,5,2.77,2.76,2.76,1.75,5,0.9,0.74,0.73,0.74,0.76,0.88,0.83,0.77,1.01,0.95
Strasbourg,1.16,5,2.48,2.48,2.67,5,2.18,2.15,5,2.76,2.74,2.75,1.74,5,0.9,0.74,0.73,0.73,0.75,0.88,0.84,0.78,0.9,0.96
Montpellier,1.37,1.36,2.49,2.49,2.68,2.76,2.23,2.15,5,2.75,2.73,2.74,1.73,5,5,0.73,0.72,0.75,0.75,0,0.8,0.79,0.9,0.97
Bordeaux,0.97,1.37,2.51,2.5,2.68,2.75,2.16,2.14,5,2.74,2.72,2.72,2.87,3.78,5,0.73,0.72,0.73,0.75,0,0.8,0.8,0.91,0.99
Lille,0.97,5,5,2.51,2.69,2.76,2.16,2.14,5,5,2.71,2.71,2.09,5,5,0.73,0.71,0.72,0.75,0,0.82,0.82,0.91,0.95
Berlin,0.97,5,5,2.52,2.7,2.71,2.18,5,5,2.71,2.69,2.69,2.84,5,5,0.72,0.71,0.71,0.73,0,0.83,0.84,0.92,0.95
Hamburg,0.97,1.41,5,2.53,2.7,5,2.16,2.75,3.75,2.7,2.68,2.68,2.85,5,5,0.72,0.7,0.7,0.73,0,0.84,0.92,0.93,0.96
Munich,0.98,5,1.86,2.54,2.71,2.72,5,5,3.74,2.69,2.67,2.67,2.84,5,5,0.72,0.7,0.7,0.72,0.94,0.93,0.92,0.94,0.96
Cologne,0.99,5,1.87,2.54,2.71,2.72,2.15,2.09,3.73,2.68,2.66,2.66,2.81,5,5,0.73,0.7,0.7,0.71,0.96,0.86,0.93,0.95,0.97
Frankfurt,0.99,1.44,5,2.55,2.72,2.72,2.74,2.09,3.72,2.68,2.65,2.66,2.8,5,5,0.74,0.69,0.69,0.71,1.42,0.78,0.94,0.95,0.98
Stuttgart,1,1.45,5,2.56,2.72,2.72,2.16,2.08,3.72,2.67,2.65,2.64,2.78,5,3.73,0.81,0.69,0.69,0.7,1.41,0.77,0.95,0.96,1.07
Düsseldorf,1.01,5,5,2.56,2.72,2.73,5,2.09,3.71,2.66,2.64,2.63,2.77,5,5,0.79,0.69,0.69,0.7,0.74,0.77,0.95,0.96,1.09
Dortmund,5,5,5,2.57,2.73,2.73,5,2.08,3.7,5,2.64,2.62,2.77,5,3.72,0.79,0.69,0.68,0.7,0.73,0.77,0.96,0.97,0.99
Essen,5,5,5,2.58,2.73,2.73,5,2.1,3.69,5,2.62,2.71,2.75,5,5,0.78,0.68,0.68,0.69,0.73,0,0.97,0.98,1
Bremen,1.03,5,1.9,2.59,2.74,2.73,5,2.09,3.68,5,2.61,2.6,2.73,5,5,0.76,0.68,0.68,0.69,0.72,0,0.98,0.92,1.02
Athens,1.04,5,1.83,2.6,2.74,2.74,5,2.08,3.67,5,5,2.58,2.71,1.57,5,0.75,0.68,0.67,0.68,0.72,0,0.99,0.93,1.08
Thessaloniki,5,5,1.85,2.61,2.75,2.74,2.04,2.08,3.66,5,5,2.56,2.69,1.56,5,0.75,0.67,0.67,0.68,0.72,0,0.93,0.94,1.27
Patras,5,5,5,2.63,2.75,2.75,2.16,2.07,3.64,5,2.55,2.55,2.67,1.54,3.66,0.75,0.71,0.66,0.68,0.71,0,1,0.96,1.08
Heraklion,5,5,5,2.64,3.8,2.75,2.15,2.07,3.63,5,2.54,2.53,2.56,5,3.64,5,0.67,0.66,0.67,3.15,0,0.96,0.97,1.08
Larissa,5,5,5,2.65,2.77,2.76,2.15,2.06,3.62,5,2.52,2.52,2.63,1.5,5,5,0.66,0.66,0.67,3.15,0,1.05,0.99,1.09
Budapest,5,5,5,2.66,2.77,2.76,2.15,2.06,3.6,5,2.5,2.51,2.51,1.48,3.61,5,0.66,0.65,0.66,0.69,0,1.07,1.01,1.1
Debrecen,5,5,5,2.68,3.84,2.77,1.95,2.08,3.59,5,5,2.5,2.49,1.46,3.6,5,0.65,0.65,0.66,0.68,0.51,1.09,1.03,1.11
Szeged,5,1.58,1.92,2.69,2.78,2.77,1.97,1.99,3.58,4.38,5,2.47,2.47,1.44,3.59,0.67,0.65,0.64,0.65,0.54,0.52,1.1,1.04,1.12
Miskolc,1.58,1.2,1.94,2.7,2.79,2.77,2.03,2.06,3.56,5,5,2.43,2.44,1.42,3.57,0.67,0.65,0.64,0.65,0.68,0.54,0.53,1.06,1.13
Pécs,1.18,1.2,1.96,2.72,3.54,2.78,2.11,2.04,3.55,5,5,2.41,2.42,1.41,3.55,0.67,0.64,0.64,0.64,0.67,0.55,0.55,1.08,1.15
Reykjavik,1.19,1.22,1.98,2.73,3.56,2.79,2.15,2.03,3.54,5,5,2.39,2.4,1.39,3.54,5,0.64,0.63,0.64,0.67,0.57,0.56,1.1,1.17
Akureyri,1.44,1.24,2,2.75,2.8,2.79,5,5,3.52,5,5,2.37,2.38,1.37,3.52,5,0.64,0.63,0.64,0.66,0.58,0.57,0.59,1.19
Kópavogur,1.38,1.26,5,2.76,3.59,2.8,5,5,3.5,5,5,2.35,2.36,1.35,3.51,0.67,0.63,0.62,0.63,0.67,0.59,0.59,0.6,1.2
Hafnarfjörður,1.4,1.28,5,3.21,3.6,2.79,2.17,2.06,3.49,5,5,2.33,2.34,1.33,3.49,0.65,0.63,0.62,0.63,0.63,0.61,0.6,0.61,1.22
Dublin,1.41,5,5,5,3.61,2.8,2.19,2.05,3.48,4.39,5,2.31,2.32,1.31,3.48,5,0.62,0.62,0.63,0.65,0.63,0.62,0.63,1.24
Cork,1.43,5,5,5,2.86,2.81,2.17,2.06,3.47,4.39,5,2.29,2.3,1.29,3.46,5,0.61,0.61,0.62,0.65,0.64,0.63,0.64,1.27
Limerick,1.45,5,5,5,3.97,2.81,2.18,2.03,3.46,4.39,5,2.27,2.28,1.28,3.45,5,0.61,0.61,0.62,0.65,0.66,0.65,0.66,1.28
Galway,1.47,5,5,5,2.83,2.81,2.2,5,3.44,4.39,5,2.25,2.26,5,3.44,5,0.61,0.6,0.61,0.64,0.67,0.67,0.68,0.7
Waterford,1.5,5,5,5,4,2.14,5,5,3.43,4.39,5,2.23,2.24,2.42,3.43,5,0.64,0.6,0.61,0.64,0.68,0.68,0.69,0.71
Rome,0.77,1.82,5,5,3.69,2.17,5,5,3.41,4.4,5,2.21,2.22,2.25,3.42,0.62,0.6,0.6,0.61,0.64,0.71,0.7,0.71,0.73
Milan,0.77,1.84,5,5,3.7,2.83,5,3.41,3.4,4.39,5,2.19,2.2,2.23,3.41,0.62,0.6,0.59,0.6,0.75,0.67,0.71,0.72,0.75
Naples,0.79,1.88,5,5,5,2.15,5,3.4,3.38,4.4,5,2.17,2.18,2.21,5,0.62,0.6,0.59,0.6,0.63,0.67,0.73,0.74,1.36
Turin,1.58,5,5,5,5,2.14,5,3.39,3.37,4.4,5,2.15,2.16,2.18,5,0.61,0.59,0.58,0.59,0.63,0.66,0.74,0.75,0.78
Palermo,1.59,5,5,2.92,5,2.15,5,3.36,3.36,4.4,5,2.13,2.14,2.16,5,0.61,0.59,0.58,0.59,5,0.77,0.76,0.77,0.79
Genoa,0.84,1.92,5,2.94,5,2.84,5,3.35,3.35,4.4,5,2.11,2.12,2.14,3.35,0.61,0.58,0.58,0.58,5,0.78,0.77,0.78,0.8
Bologna,0.85,5,5,2.95,5,2.15,5,3.34,5,4.4,5,2.09,2.11,2.12,3.34,0.6,0.58,0.57,0.58,1.73,0.8,0.79,0.8,0.82
Florence,1.65,1.95,5,4.09,5,2.15,5,3.33,5,5,2.09,2.07,2.08,2.11,5,5,0.57,0.57,0.58,0.61,0.81,0.8,0.81,0.84
Venice,0.88,1.98,5,4.1,5,2.19,2.18,3.31,5,5,5,2.05,2.06,2.09,3.32,0.6,0.57,0.56,0.57,5,0.64,0.82,0.83,0.85
Verona,0.89,5,2.99,4.1,5,2.15,2.17,3.31,5,5,2.04,2.03,2.04,2.07,2.1,0.59,0.57,0.56,0.57,0.6,0.63,0.83,0.84,0.87
Pristina,0.91,2.05,5,4.11,5,2.15,5,3.32,5,5,2.02,2.01,2.03,2.05,2.08,0.58,0.57,0.56,0.57,0.59,0.86,0.85,0.86,0.88
Prizren,0.93,2.04,3.02,4.12,5,2.16,1.92,3.27,5,5,2,1.99,2.01,2.03,5,0.58,0.56,0.55,0.56,0.59,0.63,0.86,0.87,0.9
Gjilan,0.94,2.04,5,4.12,5,2.17,5,3.26,5,5,1.99,1.98,1.99,2.01,5,0.58,0.56,0.55,0.56,0.59,0.63,0.88,0.89,0.91
Mitrovica,0.96,2.06,5,4.13,5,2.17,5,3.25,5,5,1.97,1.96,1.97,1.99,5,0.57,0.55,0.55,0.55,0.59,0.9,0.89,0.9,0.92
Riga,0.97,2.08,5,4.14,5,2.18,5,3.23,5,5,1.95,1.94,1.95,1.97,2.11,0.57,0.55,0.54,0.55,0.58,0.92,0.91,0.92,0.94
Daugavpils,0.98,2.1,5,4.14,5,2.17,1.91,3.22,5,5,1.93,1.92,1.93,1.95,5,5,0.54,0.54,0.55,0.58,0.93,0.92,0.93,0.96
Liepaja,1,2.14,3.09,4.16,5,2.2,1.87,3.21,5,5,1.92,1.9,1.91,1.93,2.07,5,0.54,0.53,0.54,0.57,0.95,0.94,0.95,0.97
Jelgava,1.01,2.14,2.17,4.16,5,2.19,1.87,3.2,5,5,1.9,1.88,1.89,1.91,5,0.57,0.54,0.53,0.54,0.57,0.96,0.95,0.96,0.99
Vaduz,1.03,5,3.12,4.17,5,2.19,1.86,3.19,5,5,1.88,1.86,1.87,1.89,2.03,5,0.53,0.53,0.54,0.57,0.98,0.97,0.98,1
London,1.04,2.18,2.21,4.18,5,2.17,1.86,3.18,5,5,1.86,1.84,1.85,1.87,5,0.55,0.53,0.52,0.53,0.57,1,0.98,0.99,1.02
Paris,1.06,2.2,2.23,4.19,5,5,1.86,3.17,5,5,5,1.82,1.83,1.85,5,0.55,0.53,0.52,0.53,0.56,1.01,1,1.01,1.03
Berlin,1.07,2.22,2.24,4.2,5,2.16,1.85,5,5,5,5,1.8,1.81,1.84,0.58,5,0.52,0.52,0.52,0.56,1.02,1.01,1.02,1.05
Madrid,1.09,2.24,2.26,5,5,2.19,1.86,3.13,5,5,1.79,1.78,1.79,1.81,0.58,5,0.52,0.51,0.52,0.56,1.04,1.03,1.04,1.06
Rome,1.1,1.79,2.28,5,5,2.21,1.86,3.12,5,5,1.77,1.77,1.78,1.79,0.58,5,0.51,0.51,0.52,0.55,1.05,1.04,1.05,1.08
Athens,1.11,2.27,2.3,4.24,5,2.21,1.85,5,5,5,1.76,1.75,1.76,1.78,0.57,5,0.51,0.5,0.51,0.55,1.07,1.06,1.07,1.09
Lisbon,1.13,2.29,2.31,4.23,5,2.21,1.85,5,5,5,1.74,1.73,1.74,1.76,0.79,5,0.51,0.5,0.51,0.54,1.08,1.07,1.08,1.11
Dublin,1.14,5,2.33,4.24,5,5,1.85,5,5,5,1.72,1.71,1.72,1.74,0.78,0.53,0.5,0,0.51,0.54,1.09,1.08,1.09,1.12
Prague,1.15,5,2.34,4.25,5,2.21,1.85,3.06,5,1.76,1.71,1.7,1.71,1.73,0.77,5,0.5,0,0.5,0.64,1.1,1.09,1.1,1.79
Vienna,1.15,2.32,2.35,4.25,5,2.22,1.85,3.06,5,1.75,1.7,1.7,1.74,1.73,0.76,0.52,0,0,0,0.64,0.57,1.1,1.11,1.78
Amsterdam,2.08,5,5,4.25,5,2.22,1.85,3.07,1.75,1.76,1.7,1.7,1.71,1.84,0.76,0.52,0,0,0,0.65,0.55,1.1,1.15,1.77
Brussels,1.14,5,5,4.24,5,5,1.85,3.09,1.75,1.74,1.71,1.7,1.71,1.84,0.77,0.53,0,0,0,0.52,1.11,1.09,1.12,1.77
Copenhagen,1.14,5,5,4.24,5,2.23,1.85,3.09,1.76,5,1.71,1.7,1.71,1.73,0.77,0.53,0,0,0,0.52,1.11,1.1,1.79,1.77
Stockholm,1.14,5,5,4.25,5,5,1.85,3.09,1.76,1.77,1.71,1.7,1.71,1.5,0.77,0.53,0,0,0,0.52,1.11,1.1,1.79,1.13
Helsinki,1.14,5,5,4.25,5,2.22,1.85,3.09,1.76,1.76,1.71,1.7,1.71,1.84,0.77,0.53,0,0,0,0.52,1.11,1.1,1.13,1.77
Oslo,1.14,5,5,4.25,5,5,1.86,5,1.76,1.77,1.71,1.7,1.71,1.85,0.77,0.54,0,0,0,0.52,1.11,1.1,1.14,1.77
Warsaw,1.14,5,5,4.24,5,2.21,1.85,5,1.76,1.77,1.71,1.7,1.71,1.84,0.77,0.54,0,0,0,0.52,1.11,1.09,1.1,1.77
Budapest,1.8,5,5,4.25,5,2.23,1.85,5,1.76,5,1.71,1.7,1.71,1.5,1.76,0.54,0,0,0,0.51,0.55,1.09,1.1,1.77
Bucharest,1.82,5,5,4.25,5,2.22,1.86,5,1.76,5,1.72,1.7,1.71,1.5,1.76,0.54,0,0,0,0.52,0.54,1.09,1.09,1.77
Sofia,1.8,5,5,5,5,2.22,1.87,5,1.77,5,1.72,1.7,1.71,1.49,2,3.07,0,0,0,0.56,0.53,1.09,1.09,1.13
Belgrade,1.8,5,5,5,4.25,2.22,5,2,1.77,5,1.72,1.7,1.71,1.49,2.03,0.54,0,0,0,0.56,0.53,1.09,1.09,1.76
Zagreb,1.8,5,5,3.25,5,2.23,1.87,2,3.06,5,1.72,1.7,1.7,1.5,2.03,3.06,0,0,0,0.54,0.53,0.58,1.09,1.12
Kiev,1.65,5,5,5,5,2.22,1.87,2,1.77,5,1.72,1.7,1.7,1.72,1.85,3.07,0,0,0,5,0.53,0.58,1.09,1.12
Moscow,1.8,5,5,5,5,5,1.87,2.01,1.77,5,1.72,1.7,1.7,1.49,2.03,3.06,0,0,0,1.62,0.53,0.58,1.1,1.77
St. Petersburg,1.8,5,5,5,4.26,2.24,1.88,2,1.77,5,1.72,1.7,1.7,1.49,2.03,0.54,0,0,0,0.56,0.53,1.1,1.1,1.77
Minsk,1.8,5,5,5,5,2.24,1.87,2,3.06,5,1.71,1.7,1.7,1.49,2.02,0.54,0,0,0,0.56,0.53,0.58,1.1,1.13
Vilnius,1.81,5,5,5,5,2.23,1.87,2,1.77,5,1.71,1.69,1.7,1.71,1.83,0.54,0,0,0,0.54,0.53,0.58,1.1,1.12
Riga,1.81,5,5,3.26,5,5,1.87,2,3.05,5,1.7,1.69,1.69,1.71,1.83,0.53,0,0,0,0.53,0.52,0.58,1.1,1.12
Tallinn,1.82,5,1.87,3.27,5,5,1.87,2,3.05,5,1.7,1.68,1.68,1.7,1.82,0.54,0.5,0,0,0.51,0.52,1.61,1.11,1.12
Reykjavik,1.15,1.19,1.88,3.28,5,5,5,2,3.05,5,1.7,1.68,1.68,1.69,1.81,0.54,0.56,0,0,0.5,0.52,1.62,1.11,1.13
Edinburgh,1.16,1.19,5,3.29,5,5,5,1.99,5,5,1.69,1.67,1.67,1.68,1.72,0.73,0.52,0,0,0,0.52,1.63,1.12,1.13
Manchester,1.16,5,5,3.28,4.27,5,5,1.98,5,5,1.7,1.66,1.66,1.67,1.7,0.73,0.52,0,0,0,0.52,1.64,1.13,1.14
Liverpool,1.17,5,5,3.29,4.27,2.25,2.24,1.98,3.03,5,5,1.66,1.65,1.66,0.58,0.72,0.52,0,0,0,0.51,5,1.14,1.15
Glasgow,1.18,2.37,5,3.3,4.28,5,2.23,1.98,1.72,5,1.67,1.65,1.64,1.65,1.67,0.71,0.58,0,0,0,0.66,1.17,1.14,1.15
Bristol,1.19,2.37,5,3.31,4.28,5,2.24,1.97,1.71,5,1.65,1.63,1.62,1.64,1.66,0.7,0.58,0,0,0,0.67,1.18,1.15,1.16
Birmingham,1.2,2.38,5,5,4.29,5,2.24,5,1.7,1.7,1.64,1.62,1.61,1.62,1.65,0.7,0.58,0,0,0,0.68,1.18,1.16,1.18
Newcastle,1.2,2.39,5,3.33,4.29,5,2.24,1.97,1.7,5,1.63,1.61,1.6,1.61,1.64,0.7,1.8,0,0,0,0.7,1.19,1.17,1.19
Leeds,1.21,2.4,5,3.34,4.3,5,2.24,1.96,3.01,5,1.62,1.6,1.59,1.6,1.63,0.7,1.76,0,0,0,4.3,1.19,1.18,1.69
Sheffield,1.22,2.42,5,3.34,4.3,5,2.24,1.87,5,5,1.61,1.59,1.58,1.59,1.62,1.91,1.77,0,0,0,0.71,1.21,1.19,1.7
Belfast,1.23,5,5,5,4.31,5,2.27,1.85,5,5,1.6,1.59,1.58,1.58,1.61,1.92,2.99,0,0,0,0.72,1.21,1.2,1.24
Cork,1.23,2.3,5,5,4.31,5,2.24,1.85,5,1.65,1.6,1.57,1.57,1.57,1.6,1.74,2.98,0,0,0,4.31,1.23,1.2,1.23
Galway,1.24,2.44,5,5,4.31,5,5,1.85,2.99,1.64,1.59,1.57,1.56,1.57,1.59,1.72,2.98,0,0,0,4.31,5,1.21,1.25
Munich,1.75,5,5,5,4.32,5,2.25,1.84,2.98,1.63,1.58,1.56,1.55,1.56,1.58,1.71,2.97,0,0,0,4.32,0.73,1.22,1.26
Hamburg,1.75,2.32,5,5,4.33,2.24,2.25,1.84,2.97,1.62,1.57,1.55,1.54,1.55,1.58,1.7,0.53,0,0,0,4.32,0.74,1.23,1.27
Frankfurt,1.76,5,5,5,4.33,2.25,2.23,1.84,5,1.62,1.56,1.54,1.53,1.54,1.56,1.69,1.77,0,0,0,4.33,0.74,1.24,1.27
Cologne,1.77,5,5,5,4.34,2.24,5,1.84,5,1.61,1.55,1.53,1.52,1.53,1.56,1.68,1.77,0,0,0,4.34,0.75,1.25,1.27
Stuttgart,1.95,5,5,5,4.34,5,5,1.83,5,1.6,1.54,1.52,1.51,1.54,1.55,1.67,0.64,0,0,0,4.34,0.75,1.26,1.27
Nuremberg,1.3,2.5,5,5,4.35,5,2.24,1.83,5,1.59,1.53,1.51,1.5,1.53,1.32,1.66,0.63,0,0,0,4.35,0.76,1.27,1.28
Leipzig,1.31,5,5,5,4.35,5,2.25,1.83,5,1.58,1.52,1.5,1.49,1.53,1.3,1.65,0.63,0,0,0,4.36,0.77,1.28,1.28
Dresden,1.31,5,5,5,4.35,5,2.24,1.83,2.95,1.57,1.51,1.49,1.48,1.49,1.3,1.82,0.62,0,0,0,0.51,0.77,1.29,1.3
Zurich,1.31,5,5,5,4.36,5,2.25,1.82,2.95,1.56,1.5,1.48,1.47,1.48,1.29,1.81,0.64,0,0,0,0.51,0.78,1.3,1.3
Geneva,1.32,2.4,2.54,5,4.36,5,2.26,1.82,5,1.56,1.49,1.47,1.46,1.47,1.28,1.62,0.62,0,0,0,0.51,0.79,1.35,1.31
Basel,1.33,2.41,5,5,4.37,5,2.23,1.82,5,5,1.48,1.46,1.45,1.46,1.28,1.61,0.62,0,0,0,0.51,0.54,1.32,1.32
Bern,1.34,2.42,5,5,4.38,5,2.24,1.81,5,5,1.48,1.45,1.44,1.45,1.27,1.6,0.61,0,0,0.5,0.51,0.54,1.33,1.33
Lausanne,1.35,2.43,5,5,4.39,5,5,1.81,5,5,1.47,1.45,1.43,1.44,1.46,1.59,0.61,0,0,0,0.51,5,1.34,1.34
Antwerp,1.36,2.32,5,5,5,5,1.83,1.81,1.83,5,1.46,1.43,1.42,1.42,1.45,1.58,0.62,0.5,0,0,0.53,5,1.35,1.35
Ghent,1.37,2.32,5,5,5,5,1.82,1.81,1.82,5,5,1.43,1.41,1.42,1.44,1.57,1.59,0.5,0,0,0.52,0.54,1.36,1.36
Bruges,1.38,1.41,5,5,5,5,1.82,1.8,1.82,5,1.87,1.42,1.4,1.41,1.43,1.56,1.58,0.5,0,0,0.52,4.4,0.59,1.37
Liege,1.38,1.42,5,5,4.41,5,1.82,1.8,1.81,2.89,5,1.41,1.39,1.4,1.42,1.75,1.57,0.51,0,0,0.51,4.41,1.39,1.37
Luxembourg City,1.39,1.42,5,5,4.42,4.41,1.82,1.8,1.81,5,5,1.4,1.38,1.38,1.41,1.55,0.54,0.51,0,0,0.52,4.41,1.41,1.38
Monaco City,1.4,1.42,1.46,5,4.42,4.42,1.81,1.79,1.81,2.88,1.86,1.39,1.38,1.37,1.39,1.42,0.54,0.51,0,0,0.52,4.41,2.76,1.39
Nice,1.41,1.43,1.46,5,4.43,4.43,1.81,1.79,1.81,1.84,1.88,1.38,1.37,1.36,1.38,1.41,0.55,0.52,0.51,0.5,0.52,4.42,2.4,1.4
Marseille,1.42,1.44,1.47,5,5,4.43,1.8,1.79,1.8,1.83,1.85,1.37,1.35,1.35,1.37,1.52,0.55,0.52,0.51,0.5,0.53,4.44,0.88,1.42
Lyon,1.44,1.46,1.48,5,5,4.44,1.8,1.78,1.8,1.82,1.84,1.35,1.34,1.34,1.35,1.38,0.55,0.53,0.51,0.51,0.52,4.44,0.9,1.43
Toulouse,1.45,1.47,1.5,5,5,4.44,1.79,1.78,1.79,1.82,1.84,1.34,1.33,1.32,1.34,1.36,0.56,0.57,0.52,0.51,0.52,4.44,0.9,1.44
Bordeaux,1.47,1.48,1.51,5,5,4.45,1.79,1.77,1.79,1.81,1.83,1.33,1.31,1.31,1.32,1.34,0.56,0.57,0.55,0.51,0.53,4.46,0.92,1.45
Nantes,1.48,1.5,1.53,5,5,4.46,1.78,1.77,1.78,1.8,1.83,1.31,1.3,1.29,1.31,1.33,0.57,0.58,0.53,0.52,0.53,5,0.93,1.47
Strasbourg,1.5,1.52,1.54,5,5,4.47,1.78,1.76,1.78,1.8,1.82,1.3,1.28,1.28,1.29,1.14,0.57,0.55,0.53,0.52,0.53,4.47,0.95,1.49
Lille,1.52,1.53,1.56,5,5,4.48,1.77,1.76,1.77,1.8,1.82,1.28,1.27,1.26,1.27,1.14,0.58,0.55,0.53,0.53,0.54,4.48,0.96,1.51
Rouen,1.54,1.56,1.58,5,5,4.5,1.76,1.75,1.76,1.8,5,1.27,1.26,1.24,1.26,1.27,0.58,0.56,0.54,0.53,0.54,4.49,0.98,1.52
Montpellier,1.56,1.58,1.59,5,5,4.51,1.76,1.75,1.76,1.79,5,5,1.85,1.22,1.24,1.26,0.59,0.56,0.54,0.54,0.55,4.51,1,1.54
Valencia,1.59,1.6,1.61,5,5,5,1.75,1.74,1.75,1.79,5,5,1.84,1.21,1.22,1.24,0.6,0.57,0.55,0.54,0.55,5,1.02,1.56
Seville,1.6,1.62,1.63,5,5,5,1.74,1.73,1.74,1.78,1.79,5,5,1.19,1.2,1.22,0.6,0.57,0.56,0.55,0.56,5,1.03,1.58
Barcelona,1.62,1.64,1.65,5,5,5,1.74,1.73,1.74,2.77,5,5,1.18,1.17,1.18,1.2,0.61,0.57,0.56,0.55,0.56,5,1.05,1.6
Bilbao,1.64,2.35,1.67,5,5,1.76,1.73,1.72,1.73,2.76,1.78,5,1.16,1.15,1.16,1.18,1.22,0.58,0.57,0.56,0.57,5,1.07,1.62
Malaga,1.66,2.38,2.87,5,5,2.06,1.72,1.71,1.72,2.76,5,5,1.14,1.13,1.14,1.17,1.36,0.59,0.57,0.57,0.57,5,1.1,1.64
Alicante,2.38,2.4,1.71,5,5,2.06,1.72,1.71,1.72,2.75,1.6,5,1.13,1.11,1.12,1.15,1.35,0.6,0.58,0.57,0.58,5,0.64,1.66
Santander,2.4,2.43,2.9,5,5,2.07,1.71,1.7,1.71,2.74,1.58,5,1.11,1.09,1.11,1.3,1.34,0.61,0.58,0.58,0.59,5,0.65,1.68
Murcia,2.42,2.45,2.93,5,5,2.08,1.7,1.69,1.7,2.73,1.56,5,1.13,1.08,1.09,1.11,1.13,0.61,0.59,0.58,0.59,5,2.39,1.7
Gijon,2.44,2.93,2.95,5,5,1.73,1.69,1.68,1.69,2.72,1.57,5,5,1.06,1.07,1.09,1.12,0.62,0.6,0.59,0.6,5,0.66,1.72
Lisbon,2.46,2.95,5,5,5,5,1.68,1.65,1.68,2.71,1.55,5,1.73,1.04,1.05,1.07,0.65,1.31,0.61,0.6,0.61,5,5,1.74
Porto,2.48,2.96,5,5,5,1.71,1.68,1.63,1.68,2.71,5,5,2.77,1.02,1.03,1.05,1.08,0.63,0.61,0.6,0.62,5,5,1.76
Coimbra,2.5,2.99,5,5,5,2.06,1.67,1.62,1.67,2.7,5,5,5,1,1.01,1.03,1.06,0.64,0.62,0.61,0.63,5,5,1.78
Braga,2.52,3,5,1.76,5,1.7,1.66,1.61,1.66,2.7,5,1.01,1,0.98,0.99,1.01,1.03,0.64,0.62,0.62,0.63,5,5,1.8
Aveiro,2.54,3.02,5,5,5,5,1.65,1.6,1.65,2.68,5,0.99,0.99,0.96,0.97,0.99,1.02,0.65,0.63,0.62,0.64,5,0.71,1.82
Faro,2.55,3.04,5,5,5,5,1.65,1.59,1.6,5,5,0.97,0.95,0.94,0.95,0.97,0.99,0.66,0.64,0.63,0.65,5,2.4,1.84
Porto Santo,2.58,2.81,5,5,5,5,1.64,1.58,1.59,2.67,5,0.96,0.93,0.92,0.94,0.95,0.99,0.66,0.65,0.64,0.65,5,5,1.86
Funchal,2.6,3.08,5,5,5,5,1.63,1.57,1.58,1.6,5,5,0.91,0.9,0.92,0.94,0.7,0.67,0.65,0.65,0.65,5,1.34,1.88
San Marino City,2.61,3.1,5,5,5,1.64,1.58,1.56,1.57,2.66,5,0.91,0.89,0.88,0.9,0.92,0.94,0.68,0.66,0.65,0.66,5,1.35,1.9
Vatican City,2.64,2.85,5,5,2.32,5,1.57,1.56,1.57,5,5,0.89,0.87,0.86,2.4,0.9,0.94,0.68,0.67,0.66,0.67,5,0.72,1.92
Novi Sad,2.66,2.87,5,5,5,5,1.56,1.55,1.56,1.58,5,0.88,0.86,0.85,5,0.88,0.9,0.69,0.67,0.67,0.67,5,0.73,1.94
Niš,2.68,3.16,5,5,2.4,5,1.56,1.54,1.55,5,5,0.87,0.84,0.83,0.85,0.86,0.73,0.7,0.68,0.67,0.68,5,0.74,1.42
Podgorica,2.68,3,5,5,5,1.57,1.55,1.53,1.54,1.57,2.12,0.84,0.82,0.81,0.82,0.85,0.87,0.7,0.69,0.68,0.69,5,0.74,1.43
Budva,2.71,3.2,5,5,5,1.56,1.54,1.53,1.54,1.56,2.1,0.83,0.8,0.79,0.8,1.15,0.74,0.71,0.69,0.68,0.69,5,0.75,2
Kotor,2.73,3.82,5,5,5,1.56,1.54,1.52,1.54,2.61,5,0.81,0.78,0.78,0.79,1.14,0.75,0.71,0.7,0.69,0.7,5,0.75,1.46
Skopje,0.81,3.22,5,5,5,1.55,1.54,1.52,1.53,2.61,5,0.8,0.77,0.77,0.78,1.16,0.75,0.72,0.7,0.69,0.7,0.74,0.76,1.47
Ohrid,0.81,3.22,5,5,5,1.56,1.55,1.52,1.54,5,5,0.8,0.78,0.77,0.78,1.17,0.83,0.72,0.7,0.69,0.69,5,0.75,1.46
Tirana,0.8,3.21,5,5,5,1.56,1.55,1.53,1.57,2.61,5,0.8,0.78,0.77,0.78,0.8,0.83,0.71,0.7,0.69,0.69,5,0.75,0.78
Vlore,0.8,3.21,5,5,5,1.56,1.55,1.53,1.55,2.61,5,0.8,0.78,0.77,0.78,1.16,1.09,0.71,0.7,0.69,0.69,5,0.74,0.78
Sarajevo,0.8,2.79,5,5,5,1.56,1.56,1.53,1.56,2.61,5,0.8,0.78,0.77,0.78,1.16,0.83,0.71,0.7,0.69,0.69,5,0.74,0.78
Mostar,0.81,2.76,5,5,5,1.57,1.55,1.53,1.58,2.61,5,0.8,0.78,0.77,0.78,1.16,0.82,0.71,0.7,0.69,0.69,5,0.74,1.46
Banja Luka,0.8,2.76,5,5,2.62,1.57,1.55,1.53,1.58,2.61,5,0.8,0.78,0.77,0.78,1.15,0.82,0.71,0.7,0.68,0.69,5,0.75,1.45
Dubrovnik,0.8,2.76,5,5,5,1.58,1.56,1.53,1.58,2.6,5,0.8,0.78,0.77,0.78,0.8,0.82,0.71,0.7,0.68,0.69,5,0.78,1.45
Split,0.79,2.75,5,5,5,5,1.56,1.53,1.58,2.6,2.09,0.8,0.78,0.77,0.78,1.47,0.81,0.72,0.7,0.68,0.69,5,0.75,1.45
Rijeka,0.79,2.75,5,5,5,5,1.57,1.53,1.54,1.56,5,0.8,0.78,0.77,0.77,1.47,0.82,0.72,0.7,0.68,0.69,5,4.76,1.45
Zadar,0.79,2.73,5,5,5,5,5,1.53,1.54,1.55,5,0.81,0.78,0.77,0.77,1.48,0.81,0.73,0.7,0.68,0.7,0.74,4.77,0.78
Pula,0.78,2.73,5,5,5,5,5,1.54,1.54,1.55,5,5,0.79,0.77,0.77,0.79,0.81,0.74,0.7,0.68,0.69,0.71,4.76,0.77
Sibiu,0.78,2.73,3.23,5,5,5,1.57,1.55,1.54,1.55,5,5,0.82,0.77,0.77,1.47,0.81,0.84,0.71,0.68,0.68,0.7,0.77,0.76
Cluj-Napoca,2.02,2.74,3.22,5,5,5,5,1.61,1.54,1.55,5,5,0.82,0.77,0.77,1.53,0.82,0.83,1.14,0.68,0.68,0.7,0.72,0.74
Timișoara,2.02,2.74,2.94,5,5,5,5,1.55,1.54,1.55,5,5,0.82,0.79,0.76,0.78,0.81,0.83,1.14,0.68,0.68,0.69,0.71,0.74
Odessa,1.46,2.75,3.04,5,5,4.78,1.57,1.55,1.54,1.55,1.57,5,1.56,0.78,0.76,0.78,0.8,0.83,1.13,0.68,0.67,0.69,0.71,0.74
Lviv,1.45,2.75,3.22,5,5,4.78,5,1.55,1.54,1.55,1.57,5,5,0.77,0.76,0.78,0.8,0.82,0.7,0.68,0.67,0.68,0.7,0.73
Donetsk,0.76,0.79,3.22,5,5,5,5,1.55,1.54,1.59,5,5,0.79,0.77,0.76,0.77,1.14,0.83,0.7,0.68,0.67,0.68,0.7,0.73
Tbilisi,0.75,2.03,2.76,5,5,5,5,1.56,1.55,1.56,5,1.59,0.81,0.77,0.76,0.77,1.14,0.82,0.7,0.68,0.67,0.68,0.7,0.72
Batumi,1.45,2.03,2.76,5,5,5,5,1.56,1.55,1.55,2.6,2.08,5,0.77,0.76,0.76,1.18,1.07,0.7,0.68,0.67,0.67,0.69,4.77
Yerevan,0.74,2.02,2.74,5,5,5,5,1.56,1.55,1.55,2.6,0.85,5,0.77,0.76,0.76,0.8,0.74,0.71,0.68,0.67,0.68,0.7,4.78
Gyumri,0.76,0.8,2.74,3.24,5,5,5,1.58,1.56,1.55,1.57,0.85,5,0.78,0.76,0.76,0.81,0.74,0.72,0.68,0.67,0.67,0.69,5
Baku,0.73,2.02,2.75,3.23,5,3.81,5,5,1.56,1.55,1.56,5,5,0.78,0.76,0.76,0.78,0.75,0.83,0.69,0.66,0.67,0.68,0.72
Ganja,0.72,2.03,2.75,3.23,5,5,5,1.57,1.57,1.55,1.56,1.59,5,5,0.76,0.76,0.77,0.79,1.1,0.72,0.66,0.66,0.67,0.7
Sumqayit,0.72,1.47,2.75,3.23,5,5,5,1.58,1.56,1.55,1.56,1.58,5,5,0.77,0.75,0.78,0.78,1.12,1.13,0.67,0.66,0.67,0.7
Nicosia,0.72,1.46,2.75,3.23,5,3.83,5,1.58,1.56,1.55,1.56,5,0.8,5,0.77,0.75,0.77,0.78,1.07,0.69,0.66,0.66,0.67,0.7
Limassol,0.71,0.75,2.76,3.23,5,5,5,1.59,1.57,1.56,1.57,1.58,0.81,5,0.76,0.75,0.76,0.78,0.81,0.86,0.66,0.66,0.66,0.69
Larnaca,0.7,0.75,2.03,2.75,5,5,5,1.6,1.57,1.56,1.6,2.6,5,5,0.76,0.75,0.76,0.78,1.06,0.86,0.66,0.65,0.66,0.69
Paphos,4.78,0.75,2.03,2.74,5,5,5,1.6,1.58,1.56,1.58,2.6,5,5,0.76,0.75,0.75,0.78,1.05,0.86,0.66,0.65,0.66,0.68
Valletta,0.7,0.74,2.03,2.74,5,5,5,5,5,1.57,1.57,2.6,1.62,5,0.76,0.75,0.76,1.13,1.05,0.85,0.66,0.65,0.66,0.7
Sliema,0.69,0.77,2.03,2.76,3.25,5,5,5,5,1.57,1.57,1.58,2.08,5,0.76,0.74,0.75,0.77,1.04,0.71,0.66,0.65,0.65,0.71
St. Julian's,0.69,0.73,2.03,2.75,3.25,5,5,5,5,1.65,1.57,1.58,5,5,0.77,0.75,0.75,0.75,0.79,0.81,0.67,0.65,0.65,0.67
Mdina,0.7,0.71,2.03,2.76,2.97,5,5,1.62,5,1.68,1.57,1.58,1.61,5,5,0.75,0.74,0.75,0.78,0.8,0.67,0.66,0.65,0.66
Sopot,0.7,0.71,1.46,2.76,3.25,5,5,1.62,5,1.58,1.57,1.58,5,5,5,0.74,0.74,0.75,0.77,0.8,0.66,0.65,0.64,0.65
Gdańsk,0.67,0.7,1.45,2.77,3.25,5,5,1.62,5,1.58,1.57,1.58,5,5,5,0.74,0.73,0.75,0.76,0.71,0.67,0.65,0.64,0.65
Kraków,0.67,0.7,0.73,2.49,3.25,3.27,5,1.63,5,1.58,1.57,1.58,5,5,5,0.74,0.73,0.74,0.76,0.79,0.67,0.65,0.64,0.65
Poznań,0.67,0.7,1.46,2.04,2.78,3.26,5,1.63,5,1.59,1.57,1.61,2.59,5,5,0.74,0.73,0.74,0.76,0.78,0.67,0.65,0.64,0.65
Łódź,0.68,0.7,1.46,2.05,3.25,5,5,1.62,5,1.58,1.57,1.6,5,5,5,0.74,0.73,0.74,0.76,0.78,0.67,0.66,0.65,0.65
Wrocław,0.68,0.71,1.47,2.05,3.25,5,5,1.61,5,1.57,1.56,1.57,5,5,5,0.74,0.73,0.74,0.76,0.72,0.68,0.66,0.65,0.66
Katowice,0.69,0.72,1.48,2.78,3.26,5,5,1.6,5,1.56,1.55,1.56,5,5,5,0.73,0.72,0.73,0.77,0.74,0.69,0.67,0.66,0.67
Szczecin,0.7,0.73,1.49,2.79,3.26,5,5,1.59,5,1.56,1.54,1.56,5,5,5,0.73,0.72,0.73,1.13,0.78,0.7,0.68,0.67,0.68
Gliwice,0.71,0.74,1.5,2.8,3.27,5,5,1.58,5,1.54,1.53,1.54,5,5,5,0.72,0.71,0.72,1.1,1.05,0.71,0.7,0.69,0.7
Utrecht,0.73,0.76,1.51,2.09,3.28,5,5,1.57,5,1.53,1.51,1.55,5,5,5,0.72,0.71,0.71,0.74,1.05,0.73,0.71,0.7,0.71
Rotterdam,0.74,0.77,0.81,2.1,3.29,5,5,1.55,5,1.53,1.5,1.53,2.59,5,5,0.71,0.7,0.71,0.73,1.06,0.74,0.73,0.72,0.72
The Hague,0.76,0.79,1.54,2.11,3.3,5,5,4.1,5,1.5,1.48,1.49,2.59,5,5,0.71,0.69,0.7,0.73,1.07,0.76,0.74,0.73,0.74
Eindhoven,0.78,0.8,1.56,2.12,3.32,5,5,5,5,1.64,1.46,1.5,2.58,5,5,0.7,0.69,0.69,1.5,0.75,0.77,0.76,0.75,0.76
Groningen,0.79,0.82,0.86,2.14,3.33,5,5,5,5,1.46,1.45,1.47,1.69,5,5,0.69,0.68,0.69,0.71,0.73,0.79,0.78,0.77,0.77
Maastricht,0.81,0.84,1.58,2.86,3.33,5,5,1.49,5,1.45,1.43,5,2.57,2.05,5,0.68,0.67,0.68,0.71,0.72,0.81,0.79,0.78,0.79
Uppsala,0.83,0.86,0.89,2.17,3.34,5,5,1.47,5,1.6,1.41,2.59,2.57,2.05,5,0.68,0.67,0.67,0.69,0.72,0.83,0.81,0.8,0.81
Gothenburg,0.85,0.87,1.62,2.88,3.36,5,5,4.06,5,1.58,1.39,1.42,2.57,5,5,0.67,0.66,0.66,0.68,0.71,0.85,0.83,0.82,0.83
Malmo,0.87,0.89,1.64,2.2,5,5,5,4.05,5,1.56,1.37,1.41,2.56,5,5,0.66,0.65,0.66,0.68,0.7,0.87,0.85,0.84,0.87
Lund,0.88,0.91,1.65,2.21,3.07,5,5,4.05,5,1.55,1.36,1.38,2.56,5,5,0.66,0.64,0.65,1.59,0.69,0.89,0.87,0.86,0.87
Karlstad,0.9,0.93,1.67,2.22,3.07,5,5,4.04,5,1.56,1.34,1.38,2.56,5,5,0.65,0.64,0.64,0.66,0.69,0.91,0.89,0.88,0.92
Gävle,5,0.95,1.69,2.24,3.08,5,5,4.03,5,1.57,1.32,1.35,2.55,5,5,0.64,0.63,0.64,0.66,1.2,0.92,0.91,0.9,0.93
Falun,0.96,0.97,1.71,2.25,3.08,3.08,5,4.02,5,1.53,1.3,1.32,2.55,5,5,0.63,0.62,0.63,0.65,0.67,0.94,0.93,0.91,0.95
London,0.98,0.99,1.73,2.27,3.08,3.09,5,5,5,5,1.28,1.29,2.55,5,5,0.63,0.62,0.62,0.64,0.67,0.97,0.95,0.93,0.97
Paris,1.68,5,1.74,2.28,3.08,3.1,5,5,5,5,1.26,1.28,2.55,5,5,0.62,0.61,0.62,0.64,0.66,0.98,0.96,0.95,0.98
Berlin,1.02,5,1.76,2.3,3.09,3.1,5,5,5,5,1.24,1.28,2.56,5,5,0.62,0.6,0.61,0.63,0.65,1,0.98,0.97,1.01
Madrid,1.08,5,1.78,2.31,3.09,3.11,5,5,5,5,1.22,1.25,2.55,5,5,0.61,0.6,0.6,0.62,0.65,1.02,1.01,0.99,1.02
Rome,1.04,5,2.32,2.32,3.11,3.12,5,5,5,5,1.2,1.22,2.55,5,5,0.6,0.59,0.6,0.62,0.64,1.04,1.02,1.01,1.04
Athens,5,1.09,2.34,2.34,3.11,5,5,5,5,1.4,1.18,1.2,2.55,5,5,0.59,0.58,0.59,0.61,0.63,1.06,1.05,1.03,1.06
Lisbon,5,2.37,2.35,2.36,3.15,5,5,5,5,5,1.16,1.18,2.55,5,5,0.59,0.58,0.58,0.6,0.63,1.08,1.06,1.05,1.09
Dublin,1.13,2.39,2.37,2.37,3.13,5,5,5,5,5,1.14,1.78,5,5,5,0.58,0.57,0.57,0.59,0.62,1.1,1.08,1.07,1.1
Prague,1.13,2.4,2.39,2.39,3.14,5,5,5,5,1.4,1.12,1.14,5,5,5,0.57,0.56,0.57,0.59,0.61,1.12,1.1,1.09,1.14
Vienna,1.16,2.42,2.4,2.4,5,5,5,5,5,5,1.1,1.12,5,5,5,0.57,0.55,0.56,0.58,0.6,1.14,1.12,1.11,1.14
Amsterdam,2.45,1.46,2.41,2.42,3.16,5,5,5,5,5,1.08,1.1,5,5,5,0.56,0.55,0.56,0.57,0.6,1.16,1.14,1.13,1.16
Brussels,1.28,1.47,2.43,2.43,3.22,5,5,1.13,5,5,1.07,1.08,5,5,5,0.55,0.54,0.55,0.57,0.59,1.18,1.16,1.15,1.18
Copenhagen,1.43,1.48,2.44,2.44,3.17,5,5,5,5,5,1.05,1.05,5,5,5,0.55,0.53,0.54,0.56,0.58,1.2,1.18,1.16,1.2
Stockholm,1.3,1.5,2.46,2.46,3.17,5,5,5,5,5,1.03,1.63,5,5,5,0.54,0.53,0.54,0.56,0.58,1.21,1.2,1.18,1.21
Helsinki,1.31,1.27,1.3,2.47,3.18,5,5,5,5,1.69,1.01,1.04,5,5,5,0.53,0.52,0.53,0.55,0.57,1.23,1.21,1.2,1.23
Oslo,1.47,2.5,2.49,2.49,3.17,5,5,5,5,5,0.99,1.01,5,5,1.67,0.53,0.52,0.52,0.55,0.57,1.25,1.23,1.22,1.24
Warsaw,1.35,2.52,2.5,2.51,3.19,5,5,1.04,5,5,0.97,0.99,5,5,5,0.52,0.51,0.52,0.54,0.56,1.27,1.25,1.24,1.26
Budapest,1.28,1.57,2.51,2.52,3.16,5,2.97,1.02,5,5,0.96,0.97,5,5,5,0.52,0.5,0.51,0.53,0.56,1.28,1.27,1.25,1.28
Bucharest,1.32,2.55,2.53,2.53,3.18,5,2.96,1,5,5,0.94,0.96,5,5,5,0.51,0,0.51,0.52,0.55,1.3,1.28,1.27,1.29
Sofia,1.32,2.56,2.54,2.56,3.19,5,2.96,0.98,5,1.56,0.92,0.94,5,5,0.69,0.5,0,0,0.51,0.54,1.32,1.3,1.29,1.33
Belgrade,1.34,2.58,2.56,2.57,3.22,5,2.96,0.96,5,5,0.9,0.91,5,5,0.67,0,0,0,0.51,0.53,1.34,1.32,1.31,1.34
Zagreb,1.37,2.59,2.57,2.58,3.21,5,2.95,0.95,5,0.9,0.88,0.89,5,5,0.62,0,0,0,0.51,0.53,1.35,1.34,1.33,1.36
Kiev,1.39,2.6,2.59,2.59,3.22,5,2.95,0.93,5,5,0.87,0.87,5,5,0.61,0,0,0,0,0.52,1.37,1.36,1.34,1.38
Moscow,1.4,2.62,1.46,1.48,3.24,5,2.95,0.91,5,0.87,0.85,0.86,5,5,0.59,0,0,0,0.51,0.51,1.39,1.38,1.36,1.39
St. Petersburg,1.42,1.64,2.61,2.62,3.24,5,2.95,0.9,5,5,0.83,0.85,5,5,0.58,0,0,0,0,0.51,1.4,1.39,1.38,1.41
Minsk,1.43,1.48,1.66,1.5,3.25,3.27,2.95,0.89,5,5,0.82,0.83,5,5,0.57,0,0,0,1.93,0.5,1.42,1.4,1.39,1.4
Vilnius,1.43,1.46,1.65,2.62,3.26,3.26,5,5,5,5,0.82,0.82,5,5,5,0,0,0,0,0,1.42,1.4,1.39,1.4
Riga,1.42,1.45,1.46,2.62,3.25,3.25,5,5,5,5,0.82,0.83,5,5,5,0,0,0,0,0,1.42,1.4,1.39,1.39
Tallinn,1.42,1.45,1.46,2.62,3.26,3.25,5,5,5,5,0.83,0.83,5,5,5,0,0,0,0,0,1.42,1.4,1.38,1.39
Reykjavik,1.41,1.45,1.47,2.62,3.26,3.25,5,5,5,5,0.83,0.83,5,5,5,0,0,0,0,0,1.42,1.4,1.38,1.39
Edinburgh,1.41,1.44,1.46,2.62,3.26,3.25,5,5,5,5,0.83,0.83,5,5,5,0,0,0,0,0,1.42,1.4,1.38,1.39
Manchester,1.4,5,1.46,2.62,2.65,3.26,5,5,5,5,0.83,0.83,5,5,5,0,0,0,0,0,1.42,1.41,1.38,1.39
Liverpool,1.4,1.61,1.45,2.62,3.25,3.25,5,5,5,5,0.83,0.82,5,5,5,0,0,0,0,0,0.83,1.41,1.38,1.39
Glasgow,1.4,1.61,1.45,2.62,3.25,3.25,5,5,5,5,5,0.82,0.85,5,0.51,0,0,0,0,0,0.82,1.41,1.38,1.39
Bristol,1.4,1.61,1.45,2.62,3.25,3.25,5,5,5,1.56,5,0.83,0.84,1.01,0.51,0.57,0,0,0,0,0.8,1.41,1.38,1.39
Birmingham,1.4,1.61,1.45,2.62,3.25,3.25,5,5,5,5,5,0.82,0.84,1.01,0.51,0.57,0,0,0,0,0.8,1.42,1.38,1.39
Newcastle,1.4,1.61,1.45,2.62,3.25,3.25,5,5,5,5,5,0.82,0.84,1.01,0.51,0.52,0,0,0,0,0.8,1.41,1.38,1.39
Leeds,1.4,1.44,1.45,2.62,2.64,3.25,5,5,5,5,0.84,0.83,0.84,1.01,0.51,5,0,0,0,0,0.8,1.41,1.39,1.39
Sheffield,1.39,1.44,1.45,2.62,3.25,3.25,5,5,5,5,5,0.83,0.84,1.01,0.51,5,0,0,0,0,0.8,1.42,1.39,1.39
Belfast,1.39,1.43,1.44,2.62,3.25,3.25,5,5,5,5,0.83,0.82,0.84,1.01,0.51,2.04,0,0,0,0,0.79,1.42,1.39,1.39
Cork,1.39,1.45,1.44,2.62,2.64,3.25,5,5,5,5,0.83,0.82,0.84,1.01,0.51,0.61,0,0,0,0,0.79,1.42,1.39,1.39
Galway,1.39,1.45,1.44,2.62,2.64,3.26,5,5,5,5,0.84,0.82,0.84,5,0.51,0.57,0,0,0,3.27,0.79,1.42,1.39,1.38
Munich,1.39,1.42,1.44,2.62,2.64,3.26,5,5,5,5,0.84,0.82,0.84,2.43,5,0.57,0,0,0,3.26,0.79,1.47,1.39,1.38
Hamburg,1.39,1.42,1.44,2.62,2.64,3.26,5,5,5,5,0.84,0.82,0.84,5,5,0.58,0,0,0,3.26,0.79,1.47,1.39,1.38
Frankfurt,1.39,1.41,1.44,2.62,3.25,3.25,5,5,5,5,0.83,0.82,0.84,2.39,5,0.56,0,0,0,3.27,0.52,1.52,1.39,1.38
Cologne,1.39,1.41,1.44,2.62,3.27,3.26,3.27,3.95,5,5,0.83,0.82,0.84,2.58,5,0,0,0,0,0,0.52,1.52,1.4,1.38
Stuttgart,1.39,1.41,1.44,2.63,3.25,3.26,3.27,5,5,5,0.83,0.82,5,2.6,5,0,0,0,0,0,0.79,1.44,1.42,1.38
Nuremberg,1.39,1.41,2.16,2.63,2.67,3.26,3.27,5,5,5,0.84,0.82,5,5,5,0,0,0,0,0,0,1.43,1.39,1.38
Leipzig,1.41,1.41,2.65,2.63,2.64,3.26,3.27,5,0.9,5,0.84,0.82,0.84,5,5,0,0,0,0,0,0,1.43,1.39,1.38
Dresden,1.39,1.42,1.44,1.47,2.64,3.26,3.27,3.29,5,5,5,0.83,0.83,5,5,0,0,0,0,0,0,1.44,1.4,1.38
Zurich,1.38,1.42,1.43,1.46,2.64,3.27,3.27,5,5,5,5,0.83,0.83,5,5,0,0,0,0,0,0,1.44,1.4,1.38
Geneva,1.38,1.4,1.43,1.45,2.64,2.66,3.27,3.29,5,5,5,0.83,0.83,5,5,0,0.53,0,0,0,0,0.79,1.4,1.38
Basel,1.38,1.4,1.42,1.44,2.64,3.28,3.27,3.29,5,5,5,0.84,0.83,5,5,5,0,0,0,0,0,0.78,1.42,1.38
Bern,1.38,1.39,1.42,1.44,2.64,2.65,3.27,3.28,5,5,5,0.84,0.83,0.84,1,5,0.55,0,0,0,1.54,0.78,1.41,1.39
Lausanne,1.38,1.39,1.44,1.43,2.64,2.65,3.28,5,5,5,0.86,0.83,0.83,0.84,1,5,0,0,0,0,1.55,0.78,1.41,1.41
Brussels,1.38,1.39,1.43,1.43,2.64,3.26,3.28,5,5,5,5,0.84,0.83,0.84,5,5,0,0,0,0,1.55,0.79,1.41,1.39
Antwerp,1.38,1.39,1.43,1.43,2.65,3.26,3.28,5,5,5,5,0.84,0.83,0.83,2.52,5,0.54,0,0,0,0,0,1.41,1.39
Ghent,1.38,1.4,1.42,2.66,2.65,3.27,3.29,3.31,5,5,5,0.84,0.83,5,2.52,5,0.54,0,0,0,0,0,1.41,1.39
Bruges,1.38,1.39,1.42,5,1.48,2.66,3.3,3.29,5,5,5,0.84,0.83,0.84,5,5,0,0,0,0,0,0,1.42,1.39
Liege,1.38,1.38,1.41,5,2.65,2.65,2.68,3.29,5,5,5,0.84,0.83,0.83,5,5,0,0,0,0,0,0,1.43,1.4
Luxembourg City,1.38,1.38,1.4,5,2.66,2.66,3.28,3.29,5,5,5,1.04,0.85,0.83,5,0.99,0,0,0,0,0,0,0.77,1.4
Monaco City,1.39,1.38,1.4,1.6,3.25,2.66,3.28,3.29,5,5,5,1.03,0.83,0.83,5,1.01,0,0,0,0,0,5,0.77,1.43
Nice,1.4,1.38,1.4,1.43,1.45,2.66,3.29,3.29,5,5,5,1.03,5,0.83,0.85,0.98,0,0,0,0,0,5,0.77,1.42
Marseille,1.39,1.38,1.39,1.41,1.44,2.66,3.28,3.29,3.31,5,5,1.04,0.83,0.82,5,0.98,0,0,0,0,0,1.57,0.77,1.41
Lyon,0.53,1.38,1.39,1.41,1.44,2.66,2.67,3.29,5,5,5,5,0.83,0.82,0.84,0.98,5,0,0,0,0,3.26,0,1.42
Toulouse,0.52,1.38,1.42,1.56,2.68,2.66,2.67,3.29,5,5,5,0.86,0.84,0.82,0.83,0.98,5,0.52,0,0,0,3.25,0,0
Bordeaux,0.51,1.38,1.4,1.57,5,2.67,2.67,3.3,5,5,5,5,5,0.82,5,2.44,5,0,0,0,0,1.56,0,0
Nantes,0.5,1.39,1.4,1.44,1.48,2.67,2.67,2.69,5,5,5,5,5,0.82,5,5,5,0.51,0,0,0,0,0,0
Strasbourg,0,1.39,1.39,1.41,2.69,1.47,2.67,2.7,3.31,3.33,5,5,0.99,0.82,1.98,5,5,0,5,0,0,0,0,0
Lille,0,1.39,1.39,1.41,1.6,2.68,2.67,2.69,3.31,5,5,5,1.01,0.84,0.82,2.52,5,0,5,0,0,0,0,0
Rouen,0,1.4,1.39,1.4,1.59,1.46,2.68,2.69,3.31,5,5,5,5,5,0.82,2.51,0.97,0,0,0,0,0,0,0.76
Montpellier,1.42,1.42,1.39,1.4,1.43,1.45,2.68,2.69,3.31,5,5,5,5,0.82,0.81,0.84,0.98,0,0,0,0,0,0,0
Valencia,0,1.4,1.39,1.4,1.42,1.45,2.68,2.7,3.31,5,5,5,0.85,0.82,0.81,2.5,0.97,0,0,0,0,0,0,0
Seville,0,1.4,1.39,1.4,1.43,1.45,2.68,3.27,3.32,3.33,5,5,5,0.82,0.81,0.83,2.37,5,0,0,0,0,0,0
Barcelona,0,1.41,1.4,1.4,1.42,1.45,2.69,3.26,3.32,5,5,5,5,5,0.81,5,2.36,5,0.51,0,0,0,0,0
Bilbao,0,0,1.4,1.41,1.57,1.45,2.69,2.7,3.31,3.32,5,0.9,5,5,0.81,5,2.35,5,0,0,0,0,0,0
Malaga,0,1.41,1.4,1.4,1.56,1.44,2.7,2.69,3.33,3.32,5,5,5,5,0.81,0.82,2.34,5,5,0,0,0,0,0
Alicante,0,1.42,1.4,1.4,1.43,1.63,2.71,2.69,3.32,3.33,5,5,5,5,0.81,0.81,2.33,5,5,0,0,0,0,0.53
Santander,0,1.42,1.41,1.4,1.42,1.6,2.73,2.69,2.72,3.32,5,5,5,5,0.81,0.81,5,0.96,5,0,0,0,0,1.49
Murcia,0.77,1.43,1.41,1.4,1.42,1.63,3.28,2.7,2.71,3.32,3.35,5,5,5,0.9,0.79,0.83,0.95,5,0,0,0,0,0
Gijon,0,1.44,1.42,1.41,1.42,1.44,5,2.7,2.71,3.32,5,5,5,5,0.8,0.79,0.82,0.94,0,0,0,0,0,1.56
Lisbon,0,1.46,1.43,1.41,1.42,1.44,1.47,2.7,2.72,3.33,5,5,5,5,0.8,0.78,0.82,0.94,5,0,0,0,0,1.56
Porto,0,0,1.42,1.41,1.42,1.44,2.73,2.7,3.33,3.33,5,5,5,5,0.8,0.8,5,0.94,5,0,0,0,0,0
Coimbra,0,0,1.42,1.41,1.42,1.43,2.72,2.7,3.32,3.33,5,5,5,5,0.8,0.79,5,0.94,5,0,0,0,0,0
Braga,0,0,1.42,1.41,1.42,1.44,2.72,2.7,3.32,3.33,5,5,5,5,0.81,0.79,5,0.94,5,0,0,0,0,0
Aveiro,0,0,1.42,1.41,1.42,1.44,5,2.7,3.32,3.33,5,5,5,5,0.8,0.79,5,0.94,5,0,0,0,0,0
Faro,0,0,1.42,1.41,1.42,1.44,5,2.7,3.32,3.33,5,5,5,5,0.81,0.79,0.82,0.94,5,0,0,0,0,0
Porto Santo,0,0,1.42,1.41,1.51,1.44,2.74,2.7,3.32,3.32,5,5,5,5,0.81,0.79,0.82,5,5,0,0,0,0,0
Funchal,0,0,1.42,1.41,1.43,1.44,2.74,2.7,3.32,3.32,5,5,5,5,0.81,0.79,5,2.28,5,0,0,0,0,0
San Marino City,0,0,1.42,1.41,1.43,1.44,5,2.71,3.32,3.33,3.35,5,3.96,5,0.81,0.79,5,1,5,0,0,0,0,0
Vatican City,0,0,1.43,1.41,1.42,1.57,5,1.52,3.33,3.33,3.34,3.96,5,5,0.82,0.79,5,5,5,0,0,0,0,0
Belgrade,0,0,0,1.41,1.43,1.57,5,1.5,2.72,2.74,3.33,3.99,5,5,0.83,0.79,2.01,2.25,0.94,5,0,0,0,0
Novi Sad,0,0,1.43,1.42,1.42,1.47,1.48,1.51,2.72,2.73,3.34,5,5,5,5,0.79,2.05,5,0.93,0,0,0,0,0
Niš,0,0,1.44,1.42,1.42,1.44,5,1.51,2.71,2.73,3.34,5,5,5,5,0.8,2.03,5,0.93,0,0,0,0,0
Podgorica,0,0,1.45,1.43,1.42,1.43,1.48,1.48,2.72,2.73,3.34,5,5,5,5,0.81,0.8,5,0.92,0,0,0,0,0
Budva,0,0,1.45,1.43,1.42,1.44,1.48,1.48,2.72,2.73,3.34,5,5,5,5,0.98,0.79,5,0.92,0,0,0,0,0
Kotor,0,0,1.45,1.43,1.42,1.44,1.48,1.48,2.71,2.73,3.34,5,5,5,5,0.81,0.8,5,0.92,0,0,0,0,0
Skopje,0,0,1.45,1.43,1.42,1.43,1.48,1.48,2.71,2.73,3.34,5,5,5,5,0.81,0.8,5,0.92,0,0,0,0,0
Ohrid,0,0,1.45,1.43,1.42,1.43,1.48,1.48,2.72,2.73,3.34,5,5,5,5,0.81,0.8,5,0.92,0,0,0,0,0
Tirana,0,0,1.45,1.43,1.42,1.44,1.48,1.48,2.72,2.73,3.34,5,5,5,5,0.81,0.8,0.94,0.92,0,0,0,0,0
Vlore,0,0,1.53,1.43,1.42,1.43,1.48,1.48,2.72,2.73,3.34,5,5,5,5,0.81,0.8,5,0.92,0,0,0,0,0
Sarajevo,0,0,1.53,1.43,1.42,1.43,1.46,1.48,2.71,2.73,3.33,5,5,5,5,0.8,0.79,5,0.92,0,0,0,0,0
Mostar,0,0,1.48,1.43,1.42,1.44,1.48,1.48,2.71,2.73,3.33,2.94,5,5,5,0.79,0.78,0.8,0.92,0,0,0,0,0
Banja Luka,0,0,1.48,1.43,1.43,1.44,1.46,1.48,2.71,2.72,3.33,2.92,5,5,5,0.79,0.78,0.8,0.92,0,0,0,0,0
Dubrovnik,0,0,1.5,1.44,1.43,1.44,1.46,1.49,2.71,2.72,3.32,5,5,5,5,0.78,0.77,0.79,0.92,0,0,0,0,0
Split,0,0,1.51,1.45,1.43,1.44,1.46,1.49,2.7,2.72,3.32,5,5,5,5,0.78,0.77,0.78,0.92,0,0,0,0,0
Rijeka,0,0,1.51,1.46,1.44,1.45,1.47,1.49,2.7,3.32,3.31,5,5,5,5,0.77,0.77,0.77,0.93,0,0,0,0,0
Zadar,0,0,1.52,1.46,1.44,1.45,1.47,1.49,2.69,3.32,3.3,5,5,5,5,0.77,0.76,0.77,0.93,0,0,0,0,0
Pula,0,0,1.53,1.45,1.45,1.46,1.48,1.5,2.69,3.31,3.29,5,5,5,5,0.77,0.76,0.77,0.93,0,0,0,0,0
